ca65 V2.19 - WASI 2.19
Main file   : src/bios.asm
Current file: src/bios.asm

00.000000r 1               ; Simple 6502 BIOS/Kernel Assembly Source
00.000000r 1               ; Target: ca65 assembler from cc65 toolchain
00.000000r 1               
00.000000r 1                   .include "branches.inc"
00.000000r 2               ; ============================================================================
00.000000r 2               ; ca65 Synthetic Branching and Relational Macro Suite
00.000000r 2               ; ============================================================================
00.000000r 2               ;
00.000000r 2               ; This file provides:
00.000000r 2               ;
00.000000r 2               ;   1. Short unsigned branch aliases
00.000000r 2               ;   2. Short signed relational branches
00.000000r 2               ;   3. Combined CMP-immediate-and-branch helpers
00.000000r 2               ;   4. Long conditional jumps implemented with an inverse branch plus JMP
00.000000r 2               ;
00.000000r 2               ;
00.000000r 2               ; SHORT-BRANCH RANGE
00.000000r 2               ; ------------------
00.000000r 2               ; Macros in sections 1 through 3 ultimately emit ordinary 6502 relative branch
00.000000r 2               ; instructions. Their target must therefore be within the normal signed 8-bit
00.000000r 2               ; branch displacement:
00.000000r 2               ;
00.000000r 2               ;       -128 to +127 bytes from the instruction following the branch
00.000000r 2               ;
00.000000r 2               ; Use the long-jump macros in section 4 when the destination may be farther
00.000000r 2               ; away.
00.000000r 2               ;
00.000000r 2               ;
00.000000r 2               ; UNSIGNED COMPARISONS
00.000000r 2               ; --------------------
00.000000r 2               ; Unsigned comparisons may follow CMP, CPX, or CPY.
00.000000r 2               ;
00.000000r 2               ; After:
00.000000r 2               ;
00.000000r 2               ;       CMP operand
00.000000r 2               ;
00.000000r 2               ; the relevant unsigned relationships are:
00.000000r 2               ;
00.000000r 2               ;       Z = 1       equal
00.000000r 2               ;       Z = 0       not equal
00.000000r 2               ;       C = 0       less than
00.000000r 2               ;       C = 1       greater than or equal
00.000000r 2               ;       C = 1,Z = 0 greater than
00.000000r 2               ;       C = 0,Z = * less than
00.000000r 2               ;       Z = 1       equal
00.000000r 2               ;
00.000000r 2               ; Values are interpreted as unsigned bytes in the range 0 through 255.
00.000000r 2               ;
00.000000r 2               ;
00.000000r 2               ; SIGNED COMPARISONS
00.000000r 2               ; ------------------
00.000000r 2               ; Signed relational branches require valid N and V flags from a subtraction.
00.000000r 2               ;
00.000000r 2               ; CMP, CPX, and CPY do not modify V, so they are not sufficient by themselves
00.000000r 2               ; for a reliable signed comparison.
00.000000r 2               ;
00.000000r 2               ; Establish signed-comparison flags with binary subtraction:
00.000000r 2               ;
00.000000r 2               ;       CLD
00.000000r 2               ;       SEC
00.000000r 2               ;       LDA left_operand
00.000000r 2               ;       SBC right_operand
00.000000r 2               ;       sblt target
00.000000r 2               ;
00.000000r 2               ; The subtraction result itself does not need to be preserved. The signed
00.000000r 2               ; relationship is represented by N and V:
00.000000r 2               ;
00.000000r 2               ;       N != V      signed less than
00.000000r 2               ;       N == V      signed greater than or equal
00.000000r 2               ;
00.000000r 2               ; Values are interpreted as signed two's-complement bytes in the range
00.000000r 2               ; -128 through +127.
00.000000r 2               ;
00.000000r 2               ;
00.000000r 2               ; REGISTER AND FLAG EFFECTS
00.000000r 2               ; -------------------------
00.000000r 2               ; The branch-only macros do not modify A, X, Y, or the processor flags.
00.000000r 2               ;
00.000000r 2               ; The combined if_a_* macros execute CMP and therefore update:
00.000000r 2               ;
00.000000r 2               ;       N, Z, and C
00.000000r 2               ;
00.000000r 2               ; CMP does not modify V.
00.000000r 2               ;
00.000000r 2               ; ============================================================================
00.000000r 2               
00.000000r 2               
00.000000r 2               ; ----------------------------------------------------------------------------
00.000000r 2               ; 1. UNSIGNED CONDITIONAL BRANCHES
00.000000r 2               ; ----------------------------------------------------------------------------
00.000000r 2               ;
00.000000r 2               ; These macros inspect flags previously established by CMP, CPX, CPY, or
00.000000r 2               ; another operation that produces equivalent Z and C flag meanings.
00.000000r 2               ;
00.000000r 2               ; They emit ordinary relative branches, so the destination must be within
00.000000r 2               ; normal 6502 branch range.
00.000000r 2               ; ----------------------------------------------------------------------------
00.000000r 2               
00.000000r 2               
00.000000r 2               ; ----------------------------------------------------------------------------
00.000000r 2               ; beq_alias target
00.000000r 2               ;
00.000000r 2               ; Branch when the compared values are equal.
00.000000r 2               ;
00.000000r 2               ; Condition:
00.000000r 2               ;       Z = 1
00.000000r 2               ;
00.000000r 2               ; Equivalent instruction:
00.000000r 2               ;       BEQ target
00.000000r 2               ;
00.000000r 2               ; Typical use:
00.000000r 2               ;       LDA value
00.000000r 2               ;       CMP #expected
00.000000r 2               ;       beq_alias matched
00.000000r 2               ; ----------------------------------------------------------------------------
00.000000r 2               
00.000000r 2               .macro beq_alias target
00.000000r 2                   BEQ target
00.000000r 2               .endmacro
00.000000r 2               
00.000000r 2               
00.000000r 2               ; ----------------------------------------------------------------------------
00.000000r 2               ; bne_alias target
00.000000r 2               ;
00.000000r 2               ; Branch when the compared values are not equal.
00.000000r 2               ;
00.000000r 2               ; Condition:
00.000000r 2               ;       Z = 0
00.000000r 2               ;
00.000000r 2               ; Equivalent instruction:
00.000000r 2               ;       BNE target
00.000000r 2               ; ----------------------------------------------------------------------------
00.000000r 2               
00.000000r 2               .macro bne_alias target
00.000000r 2                   BNE target
00.000000r 2               .endmacro
00.000000r 2               
00.000000r 2               
00.000000r 2               ; ----------------------------------------------------------------------------
00.000000r 2               ; blt target
00.000000r 2               ;
00.000000r 2               ; Branch when the left operand is less than the right operand, interpreting
00.000000r 2               ; both operands as unsigned bytes.
00.000000r 2               ;
00.000000r 2               ; Condition after CMP/CPX/CPY:
00.000000r 2               ;       C = 0
00.000000r 2               ;
00.000000r 2               ; Equivalent instruction:
00.000000r 2               ;       BCC target
00.000000r 2               ;
00.000000r 2               ; Example:
00.000000r 2               ;       LDA #10
00.000000r 2               ;       CMP #20
00.000000r 2               ;       blt less_than             ; Taken
00.000000r 2               ; ----------------------------------------------------------------------------
00.000000r 2               
00.000000r 2               .macro blt target
00.000000r 2                   BCC target
00.000000r 2               .endmacro
00.000000r 2               
00.000000r 2               
00.000000r 2               ; ----------------------------------------------------------------------------
00.000000r 2               ; bge target
00.000000r 2               ;
00.000000r 2               ; Branch when the left operand is greater than or equal to the right operand,
00.000000r 2               ; interpreting both operands as unsigned bytes.
00.000000r 2               ;
00.000000r 2               ; Condition after CMP/CPX/CPY:
00.000000r 2               ;       C = 1
00.000000r 2               ;
00.000000r 2               ; Equivalent instruction:
00.000000r 2               ;       BCS target
00.000000r 2               ; ----------------------------------------------------------------------------
00.000000r 2               
00.000000r 2               .macro bge target
00.000000r 2                   BCS target
00.000000r 2               .endmacro
00.000000r 2               
00.000000r 2               
00.000000r 2               ; ----------------------------------------------------------------------------
00.000000r 2               ; bgt target
00.000000r 2               ;
00.000000r 2               ; Branch when the left operand is strictly greater than the right operand,
00.000000r 2               ; interpreting both operands as unsigned bytes.
00.000000r 2               ;
00.000000r 2               ; Condition after CMP/CPX/CPY:
00.000000r 2               ;       C = 1 and Z = 0
00.000000r 2               ;
00.000000r 2               ; Equality is explicitly excluded before testing carry.
00.000000r 2               ;
00.000000r 2               ; Expansion:
00.000000r 2               ;       BEQ internal_skip
00.000000r 2               ;       BCS target
00.000000r 2               ;   internal_skip:
00.000000r 2               ;
00.000000r 2               ; Size:
00.000000r 2               ;       4 bytes
00.000000r 2               ;
00.000000r 2               ; Target restriction:
00.000000r 2               ;       target must be in range of the generated BCS instruction.
00.000000r 2               ; ----------------------------------------------------------------------------
00.000000r 2               
00.000000r 2               .macro bgt target
00.000000r 2                   .local @skip
00.000000r 2               
00.000000r 2                   BEQ @skip
00.000000r 2                   BCS target
00.000000r 2               
00.000000r 2               @skip:
00.000000r 2               .endmacro
00.000000r 2               
00.000000r 2               
00.000000r 2               ; ----------------------------------------------------------------------------
00.000000r 2               ; ble target
00.000000r 2               ;
00.000000r 2               ; Branch when the left operand is less than or equal to the right operand,
00.000000r 2               ; interpreting both operands as unsigned bytes.
00.000000r 2               ;
00.000000r 2               ; Condition after CMP/CPX/CPY:
00.000000r 2               ;       Z = 1 or C = 0
00.000000r 2               ;
00.000000r 2               ; Expansion:
00.000000r 2               ;       BEQ target
00.000000r 2               ;       BCC target
00.000000r 2               ;
00.000000r 2               ; Size:
00.000000r 2               ;       4 bytes
00.000000r 2               ;
00.000000r 2               ; Target restriction:
00.000000r 2               ;       target must be in range of both generated branch instructions.
00.000000r 2               ; ----------------------------------------------------------------------------
00.000000r 2               
00.000000r 2               .macro ble target
00.000000r 2                   BEQ target
00.000000r 2                   BCC target
00.000000r 2               .endmacro
00.000000r 2               
00.000000r 2               
00.000000r 2               ; ----------------------------------------------------------------------------
00.000000r 2               ; 2. SIGNED CONDITIONAL BRANCHES
00.000000r 2               ; ----------------------------------------------------------------------------
00.000000r 2               ;
00.000000r 2               ; These macros interpret the operands as signed two's-complement bytes.
00.000000r 2               ;
00.000000r 2               ; REQUIRED PRECONDITION
00.000000r 2               ; ---------------------
00.000000r 2               ; N and V must describe the result of:
00.000000r 2               ;
00.000000r 2               ;       left_operand - right_operand
00.000000r 2               ;
00.000000r 2               ; Normally establish these flags using:
00.000000r 2               ;
00.000000r 2               ;       CLD
00.000000r 2               ;       SEC
00.000000r 2               ;       LDA left_operand
00.000000r 2               ;       SBC right_operand
00.000000r 2               ;
00.000000r 2               ; Do not rely on CMP, CPX, or CPY alone because those instructions leave V
00.000000r 2               ; unchanged.
00.000000r 2               ;
00.000000r 2               ; These macros emit relative branches. The target must be within normal 6502
00.000000r 2               ; branch range from every generated branch that can reach it.
00.000000r 2               ; ----------------------------------------------------------------------------
00.000000r 2               
00.000000r 2               
00.000000r 2               ; ----------------------------------------------------------------------------
00.000000r 2               ; sbge target
00.000000r 2               ;
00.000000r 2               ; Branch when:
00.000000r 2               ;
00.000000r 2               ;       signed left_operand >= signed right_operand
00.000000r 2               ;
00.000000r 2               ; Signed condition:
00.000000r 2               ;       N == V
00.000000r 2               ;
00.000000r 2               ; Truth table:
00.000000r 2               ;
00.000000r 2               ;       V   N   Result
00.000000r 2               ;       -------------------------------
00.000000r 2               ;       0   0   branch
00.000000r 2               ;       0   1   do not branch
00.000000r 2               ;       1   0   do not branch
00.000000r 2               ;       1   1   branch
00.000000r 2               ;
00.000000r 2               ; Inputs:
00.000000r 2               ;       N and V from a preceding binary subtraction
00.000000r 2               ;
00.000000r 2               ; Preserves:
00.000000r 2               ;       A, X, Y, and all processor flags
00.000000r 2               ;
00.000000r 2               ; Target restriction:
00.000000r 2               ;       target must be in relative range of the generated BMI or BPL branch.
00.000000r 2               ; ----------------------------------------------------------------------------
00.000000r 2               
00.000000r 2               .macro sbge target
00.000000r 2                   .local @no_overflow, @done
00.000000r 2               
00.000000r 2                   BVC @no_overflow
00.000000r 2               
00.000000r 2                   ; Overflow occurred.
00.000000r 2                   ; N=1,V=1 means N == V, so the signed result is >=.
00.000000r 2                   BMI target
00.000000r 2               
00.000000r 2                   ; N=0,V=1 means N != V, so the signed result is <.
00.000000r 2                   BPL @done
00.000000r 2               
00.000000r 2               @no_overflow:
00.000000r 2                   ; V=0. N=0 means N == V, so the signed result is >=.
00.000000r 2                   BPL target
00.000000r 2               
00.000000r 2               @done:
00.000000r 2               .endmacro
00.000000r 2               
00.000000r 2               
00.000000r 2               ; ----------------------------------------------------------------------------
00.000000r 2               ; sblt target
00.000000r 2               ;
00.000000r 2               ; Branch when:
00.000000r 2               ;
00.000000r 2               ;       signed left_operand < signed right_operand
00.000000r 2               ;
00.000000r 2               ; Signed condition:
00.000000r 2               ;       N != V
00.000000r 2               ;
00.000000r 2               ; This is strictly less-than. Equality does not branch.
00.000000r 2               ;
00.000000r 2               ; Truth table:
00.000000r 2               ;
00.000000r 2               ;       V   N   Result
00.000000r 2               ;       -------------------------------
00.000000r 2               ;       0   0   do not branch
00.000000r 2               ;       0   1   branch
00.000000r 2               ;       1   0   branch
00.000000r 2               ;       1   1   do not branch
00.000000r 2               ;
00.000000r 2               ; Inputs:
00.000000r 2               ;       N and V from a preceding binary subtraction
00.000000r 2               ;
00.000000r 2               ; Preserves:
00.000000r 2               ;       A, X, Y, and all processor flags
00.000000r 2               ;
00.000000r 2               ; Target restriction:
00.000000r 2               ;       target must be in relative range of the generated BPL or BMI branch.
00.000000r 2               ; ----------------------------------------------------------------------------
00.000000r 2               
00.000000r 2               .macro sblt target
00.000000r 2                   .local @no_overflow, @done
00.000000r 2               
00.000000r 2                   BVC @no_overflow
00.000000r 2               
00.000000r 2                   ; Overflow occurred.
00.000000r 2                   ; N=0,V=1 means N != V, so the signed result is <.
00.000000r 2                   BPL target
00.000000r 2               
00.000000r 2                   ; N=1,V=1 means N == V, so the signed result is >=.
00.000000r 2                   BMI @done
00.000000r 2               
00.000000r 2               @no_overflow:
00.000000r 2                   ; V=0. N=1 means N != V, so the signed result is <.
00.000000r 2                   BMI target
00.000000r 2               
00.000000r 2               @done:
00.000000r 2               .endmacro
00.000000r 2               
00.000000r 2               ; ----------------------------------------------------------------------------
00.000000r 2               ; sble target
00.000000r 2               ;
00.000000r 2               ; Branch when:
00.000000r 2               ;
00.000000r 2               ;       signed left_operand <= signed right_operand
00.000000r 2               ;
00.000000r 2               ; Required setup:
00.000000r 2               ;
00.000000r 2               ;       CLD
00.000000r 2               ;       SEC
00.000000r 2               ;       LDA left_operand
00.000000r 2               ;       SBC right_operand
00.000000r 2               ;       sble target
00.000000r 2               ;
00.000000r 2               ; Signed condition:
00.000000r 2               ;
00.000000r 2               ;       Z = 1 or N != V
00.000000r 2               ;
00.000000r 2               ; CMP, CPX, and CPY are not sufficient because they do not update V.
00.000000r 2               ;
00.000000r 2               ; Preserves:
00.000000r 2               ;       A, X, Y, and all processor flags
00.000000r 2               ;
00.000000r 2               ; Target restriction:
00.000000r 2               ;       target must be within relative branch range of both the generated
00.000000r 2               ;       BEQ instruction and the branches generated by sblt.
00.000000r 2               ; ----------------------------------------------------------------------------
00.000000r 2               
00.000000r 2               .macro sble target
00.000000r 2                   BEQ target
00.000000r 2                   sblt target
00.000000r 2               .endmacro
00.000000r 2               
00.000000r 2               ; ----------------------------------------------------------------------------
00.000000r 2               ; 3. COMBINED COMPARE-AND-BRANCH HELPERS
00.000000r 2               ; ----------------------------------------------------------------------------
00.000000r 2               ;
00.000000r 2               ; These macros compare A against an immediate 8-bit value and then perform an
00.000000r 2               ; unsigned conditional branch.
00.000000r 2               ;
00.000000r 2               ; Syntax:
00.000000r 2               ;
00.000000r 2               ;       if_a_<relation> value, target
00.000000r 2               ;
00.000000r 2               ; Example:
00.000000r 2               ;
00.000000r 2               ;       LDA item_count
00.000000r 2               ;       if_a_ge 10, enough_items
00.000000r 2               ;
00.000000r 2               ; The value argument is written without '#'. Each macro supplies the immediate
00.000000r 2               ; addressing marker itself:
00.000000r 2               ;
00.000000r 2               ;       Correct:    if_a_eq $20, target
00.000000r 2               ;       Incorrect:  if_a_eq #$20, target
00.000000r 2               ;
00.000000r 2               ; Effects:
00.000000r 2               ;       A is preserved.
00.000000r 2               ;       X and Y are preserved.
00.000000r 2               ;       N, Z, and C are replaced by the result of CMP.
00.000000r 2               ;       V is unchanged.
00.000000r 2               ;
00.000000r 2               ; These are unsigned comparisons. Their targets must be within ordinary branch
00.000000r 2               ; range.
00.000000r 2               ; ----------------------------------------------------------------------------
00.000000r 2               
00.000000r 2               
00.000000r 2               ; ----------------------------------------------------------------------------
00.000000r 2               ; if_a_eq value, target
00.000000r 2               ;
00.000000r 2               ; Compare A with an immediate value and branch when A == value.
00.000000r 2               ;
00.000000r 2               ; Condition:
00.000000r 2               ;       Z = 1
00.000000r 2               ; ----------------------------------------------------------------------------
00.000000r 2               
00.000000r 2               .macro if_a_eq value, target
00.000000r 2                   CMP #value
00.000000r 2                   BEQ target
00.000000r 2               .endmacro
00.000000r 2               
00.000000r 2               
00.000000r 2               ; ----------------------------------------------------------------------------
00.000000r 2               ; if_a_ne value, target
00.000000r 2               ;
00.000000r 2               ; Compare A with an immediate value and branch when A != value.
00.000000r 2               ;
00.000000r 2               ; Condition:
00.000000r 2               ;       Z = 0
00.000000r 2               ; ----------------------------------------------------------------------------
00.000000r 2               
00.000000r 2               .macro if_a_ne value, target
00.000000r 2                   CMP #value
00.000000r 2                   BNE target
00.000000r 2               .endmacro
00.000000r 2               
00.000000r 2               
00.000000r 2               ; ----------------------------------------------------------------------------
00.000000r 2               ; if_a_lt value, target
00.000000r 2               ;
00.000000r 2               ; Compare A with an immediate value and branch when A < value, using unsigned
00.000000r 2               ; byte ordering.
00.000000r 2               ;
00.000000r 2               ; Condition:
00.000000r 2               ;       C = 0
00.000000r 2               ; ----------------------------------------------------------------------------
00.000000r 2               
00.000000r 2               .macro if_a_lt value, target
00.000000r 2                   CMP #value
00.000000r 2                   BCC target
00.000000r 2               .endmacro
00.000000r 2               
00.000000r 2               
00.000000r 2               ; ----------------------------------------------------------------------------
00.000000r 2               ; if_a_ge value, target
00.000000r 2               ;
00.000000r 2               ; Compare A with an immediate value and branch when A >= value, using unsigned
00.000000r 2               ; byte ordering.
00.000000r 2               ;
00.000000r 2               ; Condition:
00.000000r 2               ;       C = 1
00.000000r 2               ; ----------------------------------------------------------------------------
00.000000r 2               
00.000000r 2               .macro if_a_ge value, target
00.000000r 2                   CMP #value
00.000000r 2                   BCS target
00.000000r 2               .endmacro
00.000000r 2               
00.000000r 2               
00.000000r 2               ; ----------------------------------------------------------------------------
00.000000r 2               ; if_a_gt value, target
00.000000r 2               ;
00.000000r 2               ; Compare A with an immediate value and branch when A > value, using unsigned
00.000000r 2               ; byte ordering.
00.000000r 2               ;
00.000000r 2               ; Condition:
00.000000r 2               ;       C = 1 and Z = 0
00.000000r 2               ;
00.000000r 2               ; Expansion:
00.000000r 2               ;       CMP #value
00.000000r 2               ;       BEQ internal_skip
00.000000r 2               ;       BCS target
00.000000r 2               ;   internal_skip:
00.000000r 2               ;
00.000000r 2               ; Target restriction:
00.000000r 2               ;       target must be in range of the generated BCS instruction.
00.000000r 2               ; ----------------------------------------------------------------------------
00.000000r 2               
00.000000r 2               .macro if_a_gt value, target
00.000000r 2                   .local @skip
00.000000r 2               
00.000000r 2                   CMP #value
00.000000r 2                   BEQ @skip
00.000000r 2                   BCS target
00.000000r 2               
00.000000r 2               @skip:
00.000000r 2               .endmacro
00.000000r 2               
00.000000r 2               
00.000000r 2               ; ----------------------------------------------------------------------------
00.000000r 2               ; if_a_le value, target
00.000000r 2               ;
00.000000r 2               ; Compare A with an immediate value and branch when A <= value, using unsigned
00.000000r 2               ; byte ordering.
00.000000r 2               ;
00.000000r 2               ; Condition:
00.000000r 2               ;       Z = 1 or C = 0
00.000000r 2               ;
00.000000r 2               ; Expansion:
00.000000r 2               ;       CMP #value
00.000000r 2               ;       BEQ target
00.000000r 2               ;       BCC target
00.000000r 2               ;
00.000000r 2               ; Target restriction:
00.000000r 2               ;       target must be in range of both generated branch instructions.
00.000000r 2               ; ----------------------------------------------------------------------------
00.000000r 2               
00.000000r 2               .macro if_a_le value, target
00.000000r 2                   CMP #value
00.000000r 2                   BEQ target
00.000000r 2                   BCC target
00.000000r 2               .endmacro
00.000000r 2               
00.000000r 2               
00.000000r 2               ; ============================================================================
00.000000r 2               ; 4. SMART LONG CONDITIONAL JUMPS
00.000000r 2               ; ============================================================================
00.000000r 2               ;
00.000000r 2               ; The 6502 has no native long conditional branch. These macros synthesize one
00.000000r 2               ; by branching over an absolute JMP when the condition is false:
00.000000r 2               ;
00.000000r 2               ;       inverse_condition internal_skip
00.000000r 2               ;       JMP target
00.000000r 2               ;   internal_skip:
00.000000r 2               ;
00.000000r 2               ; Properties:
00.000000r 2               ;
00.000000r 2               ;   - The destination is not limited to relative branch range.
00.000000r 2               ;   - The destination must still be reachable by an absolute JMP in the
00.000000r 2               ;     current 16-bit address space.
00.000000r 2               ;   - A, X, Y, and processor flags are preserved.
00.000000r 2               ;   - Each macro normally emits 5 bytes.
00.000000r 2               ;
00.000000r 2               ; When the destination is already in ordinary branch range, a native branch
00.000000r 2               ; uses only 2 bytes and is generally faster. check_branch_distance emits an
00.000000r 2               ; assembly-time optimization message for that case.
00.000000r 2               ;
00.000000r 2               ; DISTANCE-CHECK LIMITATION
00.000000r 2               ; -------------------------
00.000000r 2               ; The target expression must be resolvable as a constant when ca65 evaluates
00.000000r 2               ; check_branch_distance. This generally works for known labels in the same
00.000000r 2               ; segment, especially backward targets.
00.000000r 2               ;
00.000000r 2               ; An unresolved, imported, or otherwise non-constant target may cause ca65 to
00.000000r 2               ; report:
00.000000r 2               ;
00.000000r 2               ;       Constant expression expected
00.000000r 2               ;
00.000000r 2               ; In such cases, remove or disable the distance check for that invocation while
00.000000r 2               ; retaining the long-jump implementation.
00.000000r 2               ; ============================================================================
00.000000r 2               
00.000000r 2               
00.000000r 2               ; ----------------------------------------------------------------------------
00.000000r 2               ; check_branch_distance target_label, macro_name, short_name
00.000000r 2               ;
00.000000r 2               ; Internal diagnostic helper used by the long conditional jump macros.
00.000000r 2               ;
00.000000r 2               ; Parameters:
00.000000r 2               ;
00.000000r 2               ;   target_label
00.000000r 2               ;       Destination whose displacement is checked.
00.000000r 2               ;
00.000000r 2               ;   macro_name
00.000000r 2               ;       String used to identify the current long-jump macro in the diagnostic.
00.000000r 2               ;
00.000000r 2               ;   short_name
00.000000r 2               ;       String naming the equivalent native relative branch.
00.000000r 2               ;
00.000000r 2               ; Behavior:
00.000000r 2               ;
00.000000r 2               ;   - Produces an assembly error when target_label is blank.
00.000000r 2               ;   - Emits an optimization message when the target falls within the native
00.000000r 2               ;     branch displacement range.
00.000000r 2               ;   - Emits no code.
00.000000r 2               ;
00.000000r 2               ; The displacement is measured from the address immediately after a normal
00.000000r 2               ; two-byte relative branch instruction.
00.000000r 2               ; ----------------------------------------------------------------------------
00.000000r 2               
00.000000r 2               .macro check_branch_distance target_label, macro_name, short_name
00.000000r 2                   .ifblank target_label
00.000000r 2                       .error "Missing target label for long branch macro"
00.000000r 2                   .else
00.000000r 2                       .if (target_label - (* + 2)) >= -128 .and  (target_label - (* + 2)) <= 127
00.000000r 2                           .out .sprintf("OPTIMIZATION WARNING: %s to '%s' is in range! Use %s instead to save 3 bytes and cycles.", macro_name, .string(target_label), short_name)
00.000000r 2                       .endif
00.000000r 2                   .endif
00.000000r 2               .endmacro
00.000000r 2               
00.000000r 2               ; ----------------------------------------------------------------------------
00.000000r 2               ; jeq target
00.000000r 2               ;
00.000000r 2               ; Long jump when the compared values are equal.
00.000000r 2               ;
00.000000r 2               ; Condition:
00.000000r 2               ;       Z = 1
00.000000r 2               ;
00.000000r 2               ; Equivalent short branch:
00.000000r 2               ;       BEQ target
00.000000r 2               ;
00.000000r 2               ; Expansion:
00.000000r 2               ;       BNE internal_skip
00.000000r 2               ;       JMP target
00.000000r 2               ;   internal_skip:
00.000000r 2               ; ----------------------------------------------------------------------------
00.000000r 2               
00.000000r 2               .macro jeq target
00.000000r 2                   check_branch_distance target, "JEQ", "BEQ"
00.000000r 2                   .local @skip
00.000000r 2               
00.000000r 2                   BNE @skip
00.000000r 2                   JMP target
00.000000r 2               
00.000000r 2               @skip:
00.000000r 2               .endmacro
00.000000r 2               
00.000000r 2               
00.000000r 2               ; ----------------------------------------------------------------------------
00.000000r 2               ; jne target
00.000000r 2               ;
00.000000r 2               ; Long jump when the compared values are not equal.
00.000000r 2               ;
00.000000r 2               ; Condition:
00.000000r 2               ;       Z = 0
00.000000r 2               ;
00.000000r 2               ; Equivalent short branch:
00.000000r 2               ;       BNE target
00.000000r 2               ;
00.000000r 2               ; Expansion:
00.000000r 2               ;       BEQ internal_skip
00.000000r 2               ;       JMP target
00.000000r 2               ;   internal_skip:
00.000000r 2               ; ----------------------------------------------------------------------------
00.000000r 2               
00.000000r 2               .macro jne target
00.000000r 2                   check_branch_distance target, "JNE", "BNE"
00.000000r 2                   .local @skip
00.000000r 2               
00.000000r 2                   BEQ @skip
00.000000r 2                   JMP target
00.000000r 2               
00.000000r 2               @skip:
00.000000r 2               .endmacro
00.000000r 2               
00.000000r 2               
00.000000r 2               ; ----------------------------------------------------------------------------
00.000000r 2               ; jlt target
00.000000r 2               ;
00.000000r 2               ; Long jump when the left operand is less than the right operand, interpreting
00.000000r 2               ; both operands as unsigned bytes.
00.000000r 2               ;
00.000000r 2               ; Condition after CMP/CPX/CPY:
00.000000r 2               ;       C = 0
00.000000r 2               ;
00.000000r 2               ; Equivalent short branch:
00.000000r 2               ;       BCC target
00.000000r 2               ;
00.000000r 2               ; Expansion:
00.000000r 2               ;       BCS internal_skip
00.000000r 2               ;       JMP target
00.000000r 2               ;   internal_skip:
00.000000r 2               ; ----------------------------------------------------------------------------
00.000000r 2               
00.000000r 2               .macro jlt target
00.000000r 2                   check_branch_distance target, "JLT", "BCC"
00.000000r 2                   .local @skip
00.000000r 2               
00.000000r 2                   BCS @skip
00.000000r 2                   JMP target
00.000000r 2               
00.000000r 2               @skip:
00.000000r 2               .endmacro
00.000000r 2               
00.000000r 2               
00.000000r 2               ; ----------------------------------------------------------------------------
00.000000r 2               ; jge target
00.000000r 2               ;
00.000000r 2               ; Long jump when the left operand is greater than or equal to the right operand,
00.000000r 2               ; interpreting both operands as unsigned bytes.
00.000000r 2               ;
00.000000r 2               ; Condition after CMP/CPX/CPY:
00.000000r 2               ;       C = 1
00.000000r 2               ;
00.000000r 2               ; Equivalent short branch:
00.000000r 2               ;       BCS target
00.000000r 2               ;
00.000000r 2               ; Expansion:
00.000000r 2               ;       BCC internal_skip
00.000000r 2               ;       JMP target
00.000000r 2               ;   internal_skip:
00.000000r 2               ; ----------------------------------------------------------------------------
00.000000r 2               
00.000000r 2               .macro jge target
00.000000r 2                   check_branch_distance target, "JGE", "BCS"
00.000000r 2                   .local @skip
00.000000r 2               
00.000000r 2                   BCC @skip
00.000000r 2                   JMP target
00.000000r 2               
00.000000r 2               @skip:
00.000000r 2               .endmacro
00.000000r 2               
00.000000r 1                   .include "math.inc"
00.000000r 2               ; ============================================================================
00.000000r 2               ; 16-BIT SYNTHETIC MACRO SUITE FOR CA65
00.000000r 2               ; ============================================================================
00.000000r 2               
00.000000r 2               ;; ---------------------------------------------------------------------------
00.000000r 2               ; Load a 16-bit word into a pointer
00.000000r 2               ; Usage: INC16 dest, immediate value
00.000000r 2               ;; ---------------------------------------------------------------------------
00.000000r 2               .macro load16 PTR, IMM
00.000000r 2                   LDA #<IMM
00.000000r 2                   STA PTR
00.000000r 2                   LDA #>IMM
00.000000r 2                   STA PTR + 1
00.000000r 2               .endmacro
00.000000r 2               
00.000000r 2               ;; ---------------------------------------------------------------------------
00.000000r 2               ; Increment 16-bit word at memory location
00.000000r 2               ; Usage: INC16 ptr
00.000000r 2               ;; ---------------------------------------------------------------------------
00.000000r 2               .macro inc16 ptr
00.000000r 2                   .local @skip
00.000000r 2                   INC ptr
00.000000r 2                   BNE @skip
00.000000r 2                   INC ptr + 1
00.000000r 2               @skip:
00.000000r 2               .endmacro
00.000000r 2               
00.000000r 2               ;; ---------------------------------------------------------------------------
00.000000r 2               ; Decrement 16-bit word at memory location
00.000000r 2               ; Usage: DEC16 ptr
00.000000r 2               ;; ---------------------------------------------------------------------------
00.000000r 2               .macro dec16 ptr
00.000000r 2                   .local @skip
00.000000r 2                   LDA ptr
00.000000r 2                   BNE @skip
00.000000r 2                   DEC ptr + 1
00.000000r 2               @skip:
00.000000r 2                   DEC ptr
00.000000r 2               .endmacro
00.000000r 2               
00.000000r 2               ;; ---------------------------------------------------------------------------
00.000000r 2               ; 16-Bit Addition: dest = op1 + op2 (op2 can be an immediate #val or memory addr)
00.000000r 2               ; Usage: ADD16 dest, op1, op2
00.000000r 2               ;        ADD16 ptr, ptr, #40
00.000000r 2               ;        ADD16 dest, src1, src2
00.000000r 2               ;; ---------------------------------------------------------------------------
00.000000r 2               .macro add16 dest, op1, op2
00.000000r 2                   CLC
00.000000r 2                   .if (.match ({op2}, {#}))
00.000000r 2                   ; Immediate operand case (e.g., #$E000)
00.000000r 2                   LDA op1
00.000000r 2                   ADC #<(.right (1, {op2}))
00.000000r 2                   STA dest
00.000000r 2                   LDA op1 + 1
00.000000r 2                   ADC #>(.right (1, {op2}))
00.000000r 2                   STA dest + 1
00.000000r 2                   .else
00.000000r 2                   ; Memory operand case
00.000000r 2                   LDA op1
00.000000r 2                   ADC op2
00.000000r 2                   STA dest
00.000000r 2                   LDA op1 + 1
00.000000r 2                   ADC op2 + 1
00.000000r 2                   STA dest + 1
00.000000r 2                   .endif
00.000000r 2               .endmacro
00.000000r 2               
00.000000r 2               
00.000000r 2               ;; ---------------------------------------------------------------------------
00.000000r 2               ; 16-Bit Addition with Immediate/Constant Value
00.000000r 2               ; Usage: ADD16I dest, op1, START_REGION_CHAR_RAM
00.000000r 2               ;        ADD16I CHAR_PTR, CHAR_PTR, 40
00.000000r 2               ;; ---------------------------------------------------------------------------
00.000000r 2               .macro add16i dest, op1, val
00.000000r 2                   CLC
00.000000r 2                   LDA op1
00.000000r 2                   ADC #<(val)
00.000000r 2                   STA dest
00.000000r 2                   LDA op1 + 1
00.000000r 2                   ADC #>(val)
00.000000r 2                   STA dest + 1
00.000000r 2               .endmacro
00.000000r 2               
00.000000r 2               
00.000000r 2               ;; ---------------------------------------------------------------------------
00.000000r 2               ; 16  / 8 Bit Addition with Immediate/Constant Value
00.000000r 2               ; Usage: ADD16_8 (16 bit)dest, (16 bit)op1, (8 bit)op2
00.000000r 2               ;; ---------------------------------------------------------------------------
00.000000r 2               .macro add16_8 dest, op1, val8
00.000000r 2                   CLC
00.000000r 2                   LDA op1
00.000000r 2                   ADC val8
00.000000r 2                   STA dest
00.000000r 2                   LDA op1 + 1
00.000000r 2                   ADC #$00
00.000000r 2                   STA dest + 1
00.000000r 2               .endmacro
00.000000r 2               
00.000000r 2               ;; ---------------------------------------------------------------------------
00.000000r 2               ; 16-Bit Subtraction: dest = op1 - op2
00.000000r 2               ; Usage: SUB16 dest, op1, op2
00.000000r 2               ;; ---------------------------------------------------------------------------
00.000000r 2               .macro sub16 dest, op1, op2
00.000000r 2                   SEC
00.000000r 2                   .if (.match ({op2}, {#}))
00.000000r 2                   LDA op1
00.000000r 2                   SBC #<(.right (1, {op2}))
00.000000r 2                   STA dest
00.000000r 2                   LDA op1 + 1
00.000000r 2                   SBC #>(.right (1, {op2}))
00.000000r 2                   STA dest + 1
00.000000r 2                   .else
00.000000r 2                   LDA op1
00.000000r 2                   SBC op2
00.000000r 2                   STA dest
00.000000r 2                   LDA op1 + 1
00.000000r 2                   SBC op2 + 1
00.000000r 2                   STA dest + 1
00.000000r 2                   .endif
00.000000r 2               .endmacro
00.000000r 2               
00.000000r 2               .macro sub16i dest, op1, val
00.000000r 2                   SEC
00.000000r 2                   LDA op1
00.000000r 2                   SBC #<(val)
00.000000r 2                   STA dest
00.000000r 2                   LDA op1 + 1
00.000000r 2                   SBC #>(val)
00.000000r 2                   STA dest + 1
00.000000r 2               .endmacro
00.000000r 2               
00.000000r 2               ;; ---------------------------------------------------------------------------
00.000000r 2               ; Shift Left 16-bit word (dest = dest << 1)
00.000000r 2               ; Usage: ASL16 ptr
00.000000r 2               ;; ---------------------------------------------------------------------------
00.000000r 2               .macro asl16 ptr
00.000000r 2                   ASL ptr
00.000000r 2                   ROL ptr + 1
00.000000r 2               .endmacro
00.000000r 2               
00.000000r 2               ;; ---------------------------------------------------------------------------
00.000000r 2               ; Copy 16-bit word: dest = src
00.000000r 2               ; Usage: MOV16 dest, src
00.000000r 2               ;; ---------------------------------------------------------------------------
00.000000r 2               .macro mov16 dest, src
00.000000r 2                   .if (.match ({src}, {#}))
00.000000r 2                   LDA #<(.right (1, {src}))
00.000000r 2                   STA dest
00.000000r 2                   LDA #>(.right (1, {src}))
00.000000r 2                   STA dest + 1
00.000000r 2                   .else
00.000000r 2                   LDA src
00.000000r 2                   STA dest
00.000000r 2                   LDA src + 1
00.000000r 2                   STA dest + 1
00.000000r 2                   .endif
00.000000r 2               .endmacro
00.000000r 2               
00.000000r 1                   .include "hw_limits.inc"
00.000000r 2               
00.000000r 2               ; CPU clock rate in cycles per second / Hz.
00.000000r 2               ; Example: Atari NTSC-ish clock:
00.000000r 2               ; CLOCK_SPEED = 1789773
00.000000r 2               
00.000000r 2               
00.000000r 2               CLOCK_SPEED = 3000000
00.000000r 2               SCREEN_COLS =  40
00.000000r 2               SCREEN_ROWS =  24
00.000000r 2               SCREEN_SIZE = SCREEN_COLS * SCREEN_ROWS
00.000000r 2               
00.000000r 2               START_REGION_CHAR_RAM = $A000
00.000000r 2               END_REGION_CHAR_RAM = START_REGION_CHAR_RAM + SCREEN_SIZE
00.000000r 2               
00.000000r 2               START_REGION_COLOR_RAM = $B000
00.000000r 2               END_REGION_COLOR_RAM = START_REGION_COLOR_RAM + SCREEN_SIZE
00.000000r 2               
00.000000r 2               DEFAULT_COLOR = $6F
00.000000r 2               DEFAULT_SCREEN_CHAR = 181
00.000000r 2               
00.000000r 1                   .include "timer.mac"
00.000000r 2               ; The formatter has NO idea how to handle this file, so we isolate it out.
00.000000r 2               
00.000000r 2               ; ------------------------------------------------------------
00.000000r 2               ; Three bytes of zero-page scratch space.
00.000000r 2               ; This routine is not reentrant.
00.000000r 2               ; ------------------------------------------------------------
00.000000r 2               
00.000000r 2               .segment "ZEROPAGE"
04.000000r 2               
04.000000r 2               delay_count:
04.000000r 2  xx xx xx         .res 3
04.000003r 2               
04.000003r 2               
04.000003r 2               ; ------------------------------------------------------------
04.000003r 2               ; Shared 24-bit delay routine
04.000003r 2               ;
04.000003r 2               ; Input:
04.000003r 2               ;   delay_count = number of iterations, 1..$FFFFFF
04.000003r 2               ;
04.000003r 2               ; Each iteration costs:
04.000003r 2               ;   35 cycles when BNE is taken
04.000003r 2               ;   34 cycles on the final iteration
04.000003r 2               ;
04.000003r 2               ; Including RTS:
04.000003r 2               ;   35 * count + 5 cycles
04.000003r 2               ;
04.000003r 2               ; Decimal mode must be clear before entry.
04.000003r 2               ; ------------------------------------------------------------
04.000003r 2               
04.000003r 2               .segment "CODE"
00.000000r 2               
00.000000r 2               ; Keep the backward branch inside one page.
00.000000r 2               .align 32, $EA
00.000000r 2               
00.000000r 2               .proc delay_24
00.000000r 2               loop:
00.000000r 2  38               SEC                         ; 2
00.000001r 2               
00.000001r 2  A5 rr            LDA delay_count             ; 3
00.000003r 2  E9 01            SBC #1                      ; 2
00.000005r 2  85 rr            STA delay_count             ; 3
00.000007r 2               
00.000007r 2  A5 rr            LDA delay_count+1           ; 3
00.000009r 2  E9 00            SBC #0                      ; 2
00.00000Br 2  85 rr            STA delay_count+1           ; 3
00.00000Dr 2               
00.00000Dr 2  A5 rr            LDA delay_count+2           ; 3
00.00000Fr 2  E9 00            SBC #0                      ; 2
00.000011r 2  85 rr            STA delay_count+2           ; 3
00.000013r 2               
00.000013r 2  05 rr            ORA delay_count+1           ; 3
00.000015r 2  05 rr            ORA delay_count             ; 3
00.000017r 2  D0 E7            BNE loop                    ; 3 taken, 2 final
00.000019r 2               
00.000019r 2  60               RTS                         ; 6
00.00001Ar 2               .endproc
00.00001Ar 2               
00.00001Ar 2               ; The macro calculates the required CPU cycles without directly
00.00001Ar 2               ; multiplying CLOCK_SPEED * milliseconds, which could overflow an
00.00001Ar 2               ; assembler limited to 32-bit intermediate values for sufficiently long delays.
00.00001Ar 2               
00.00001Ar 2               ; ------------------------------------------------------------
00.00001Ar 2               ; pause_ms milliseconds
00.00001Ar 2               ;
00.00001Ar 2               ; Examples:
00.00001Ar 2               ;
00.00001Ar 2               ;     pause_ms 10       ; 10 milliseconds
00.00001Ar 2               ;     pause_ms 10000    ; 10 seconds
00.00001Ar 2               ;
00.00001Ar 2               ; Preserves:
00.00001Ar 2               ;     A and processor flags
00.00001Ar 2               ;
00.00001Ar 2               ; Unchanged:
00.00001Ar 2               ;     X and Y
00.00001Ar 2               ;
00.00001Ar 2               ; Uses:
00.00001Ar 2               ;     Two stack bytes
00.00001Ar 2               ;     delay_count through delay_count+2
00.00001Ar 2               ;
00.00001Ar 2               ; Timing:
00.00001Ar 2               ;     Rounded to the nearest CPU cycle
00.00001Ar 2               ; ------------------------------------------------------------
00.00001Ar 2               
00.00001Ar 2               .macro pause_ms milliseconds
00.00001Ar 2               .scope
00.00001Ar 2               
00.00001Ar 2                   ; Calculate:
00.00001Ar 2                   ;
00.00001Ar 2                   ;     round(CLOCK_SPEED * milliseconds / 1000)
00.00001Ar 2                   ;
00.00001Ar 2                   ; Splitting CLOCK_SPEED avoids a large intermediate product.
00.00001Ar 2               
00.00001Ar 2                   target_cycles = ((::CLOCK_SPEED / 1000) * (milliseconds)) + ((((::CLOCK_SPEED .mod 1000) * (milliseconds)) + 500) / 1000)
00.00001Ar 2               
00.00001Ar 2                   ; Macro overhead plus delay_24:
00.00001Ar 2                   ;
00.00001Ar 2                   ;   PHP                 3
00.00001Ar 2                   ;   PHA                 3
00.00001Ar 2                   ;   CLD                 2
00.00001Ar 2                   ;   Three LDA/STA pairs 15
00.00001Ar 2                   ;   JSR                 6
00.00001Ar 2                   ;   delay_24            35*n + 5
00.00001Ar 2                   ;   PLA                 4
00.00001Ar 2                   ;   PLP                 4
00.00001Ar 2                   ;
00.00001Ar 2                   ; Total:
00.00001Ar 2                   ;
00.00001Ar 2                   ;   35*n + 42 cycles
00.00001Ar 2               
00.00001Ar 2                   iterations .set (target_cycles - 42) / 35
00.00001Ar 2                   padding    .set target_cycles - ((iterations * 35) + 42)
00.00001Ar 2               
00.00001Ar 2                   ; There is no one-cycle 6502 instruction. If exactly one
00.00001Ar 2                   ; padding cycle remains, remove one loop iteration and turn
00.00001Ar 2                   ; the remainder into 36 cycles.
00.00001Ar 2               
00.00001Ar 2                   .if padding = 1
00.00001Ar 2                       iterations .set iterations - 1
00.00001Ar 2                       padding    .set padding + 35
00.00001Ar 2                   .endif
00.00001Ar 2               
00.00001Ar 2                   .assert target_cycles >= 112, error,                                      "pause_ms delay is too short"
00.00001Ar 2               
00.00001Ar 2                   .assert iterations >= 1, error,                                           "pause_ms requires at least one delay iteration"
00.00001Ar 2               
00.00001Ar 2                   .assert iterations <= $FFFFFF, error,                                     "pause_ms delay exceeds the 24-bit counter"
00.00001Ar 2               
00.00001Ar 2                   PHP
00.00001Ar 2                   PHA
00.00001Ar 2                   CLD
00.00001Ar 2               
00.00001Ar 2                   LDA #<iterations
00.00001Ar 2                   STA delay_count
00.00001Ar 2               
00.00001Ar 2                   LDA #>iterations
00.00001Ar 2                   STA delay_count+1
00.00001Ar 2               
00.00001Ar 2                   LDA #^iterations
00.00001Ar 2                   STA delay_count+2
00.00001Ar 2               
00.00001Ar 2                   JSR delay_24
00.00001Ar 2               
00.00001Ar 2                   ; Generate the remaining 0..36 cycles.
00.00001Ar 2                   ;
00.00001Ar 2                   ; NOP zp? No: ordinary NOP is 2 cycles.
00.00001Ar 2                   ; BIT zp is 3 cycles. The saved flags are restored afterward.
00.00001Ar 2               
00.00001Ar 2                   .if padding .mod 2
00.00001Ar 2                       BIT delay_count            ; 3 cycles
00.00001Ar 2               
00.00001Ar 2                       .repeat (padding - 3) / 2
00.00001Ar 2                           NOP                    ; 2 cycles
00.00001Ar 2                       .endrepeat
00.00001Ar 2                   .else
00.00001Ar 2                       .repeat padding / 2
00.00001Ar 2                           NOP                    ; 2 cycles
00.00001Ar 2                       .endrepeat
00.00001Ar 2                   .endif
00.00001Ar 2               
00.00001Ar 2                   PLA
00.00001Ar 2                   PLP
00.00001Ar 2               
00.00001Ar 2               .endscope
00.00001Ar 2               .endmacro
00.00001Ar 2               
00.00001Ar 2               
00.00001Ar 1               
00.00001Ar 1                   .export _irq_handler
00.00001Ar 1                   .export _reset_handler
00.00001Ar 1                   .export _nmi_handler
00.00001Ar 1                   .export JTCLS
00.00001Ar 1                   .exportzp CURS_COL
00.00001Ar 1                   .exportzp CURS_ROW
00.00001Ar 1               
00.00001Ar 1                   .segment "CODE"
00.00001Ar 1               
00.00001Ar 1               .macro pstring str
00.00001Ar 1                   .byte .strlen(str), str
00.00001Ar 1               .endmacro
00.00001Ar 1               
00.00001Ar 1               
00.00001Ar 1               .macro pstring2 payload
00.00001Ar 1                   .local data_start, data_end
00.00001Ar 1               
00.00001Ar 1                   ; Pascal-string length byte
00.00001Ar 1                   .byte data_end - data_start
00.00001Ar 1               
00.00001Ar 1               data_start:
00.00001Ar 1                   .byte payload
00.00001Ar 1               data_end:
00.00001Ar 1               
00.00001Ar 1                   .assert (data_end - data_start) <= $FF, error, "pstring2 payload exceeds 255 bytes"
00.00001Ar 1               .endmacro
00.00001Ar 1               
00.00001Ar 1               .macro push_ptr P
00.00001Ar 1                   LDA P
00.00001Ar 1                   PHA
00.00001Ar 1                   LDA P + 1
00.00001Ar 1                   PHA
00.00001Ar 1               .endmacro
00.00001Ar 1               
00.00001Ar 1               .macro pop_ptr P
00.00001Ar 1                   PLA
00.00001Ar 1                   STA P + 1
00.00001Ar 1                   PLA
00.00001Ar 1                   STA P
00.00001Ar 1               .endmacro
00.00001Ar 1               
00.00001Ar 1               .macro pushall
00.00001Ar 1               ; Important note for reviewers:
00.00001Ar 1               ;
00.00001Ar 1               ; The pushall/popall pair preserves A, X, Y, and processor status.
00.00001Ar 1               ;
00.00001Ar 1               ; Unlike a conventional register-save sequence, pushall restores the
00.00001Ar 1               ; original value of A before completing. This allows A to remain a live
00.00001Ar 1               ; argument for a function called between pushall and popall.
00.00001Ar 1               ;
00.00001Ar 1               ; This implementation uses SAVEA and is intentionally not interrupt-reentrant.
00.00001Ar 1               
00.00001Ar 1                   PHP                                 ; Push status register
00.00001Ar 1                   STA SAVEA                           ; Save the 'A' register while storing the others
00.00001Ar 1                   PHA                                 ; Push A
00.00001Ar 1                   TXA                                 ; X -> A
00.00001Ar 1                   PHA                                 ; Push X value in A
00.00001Ar 1                   TYA                                 ; Y -> A
00.00001Ar 1                   PHA                                 ; PUSH Y value in A
00.00001Ar 1                   LDA SAVEA                           ; And get our original 'A' back
00.00001Ar 1               .endmacro
00.00001Ar 1               
00.00001Ar 1               .macro popall
00.00001Ar 1                   PLA                                 ; Get the pushed Y value
00.00001Ar 1                   TAY                                 ; Transfer to Y
00.00001Ar 1                   PLA                                 ; Get the pushed X value
00.00001Ar 1                   TAX                                 ; Transfer to X
00.00001Ar 1                   PLA                                 ; And then get A
00.00001Ar 1                   PLP                                 ; Pull status register
00.00001Ar 1               .endmacro
00.00001Ar 1               
00.00001Ar 1               .segment "ZEROPAGE"
04.000003r 1  xx xx        TMP_PTR: .res 2
04.000005r 1  xx xx        DISPLAY_PTR: .res 2
04.000007r 1  xx           FILCHAR: .res 1
04.000008r 1  xx           SAVEA: .res 1
04.000009r 1               
04.000009r 1               ; Cursor X position
04.000009r 1  xx           CURS_COL: .res 1
04.00000Ar 1               ; Cursor Y position
04.00000Ar 1  xx           CURS_ROW: .res 1
04.00000Br 1               ; Current color
04.00000Br 1  xx           CURRENT_COLOR: .res 1
04.00000Cr 1               ; CHAR ram ptr
04.00000Cr 1  xx xx        CHAR_PTR: .res 2
04.00000Er 1               ; COLOR ram ptr
04.00000Er 1  xx xx        COLOR_PTR: .res 2
04.000010r 1               
04.000010r 1                   .segment "CODE"
00.00001Ar 1               
00.00001Ar 1               .proc DUMMY_ROUTINE
00.00001Ar 1  60               RTS
00.00001Br 1               .endproc
00.00001Br 1               
00.00001Br 1               ; ============================================================================
00.00001Br 1               ; Routine: DISPLAY_PSTRING
00.00001Br 1               ; Description:
00.00001Br 1               ;   Displays a Pascal-style string (length byte followed by character payload).
00.00001Br 1               ;   Advances CURS_COL and CURS_ROW automatically per character.
00.00001Br 1               ;
00.00001Br 1               ; Inputs:
00.00001Br 1               ;   DISPLAY_PTR (2 bytes, Zero Page) - Pointer to the start of the PSTRING (length byte)
00.00001Br 1               ;
00.00001Br 1               ; Registers Modified:
00.00001Br 1               ;   A, X, Y
00.00001Br 1               ; ============================================================================
00.00001Br 1               .proc DISPLAY_PSTRING
00.00001Br 1  A0 00            LDY #$00
00.00001Dr 1  B1 rr            LDA (DISPLAY_PTR), Y                ; Read 1-byte string length
00.00001Fr 1  AA               TAX                                 ; Store length in X
00.000020r 1  F0 1B            BEQ @done                           ; Early exit if length is 0
00.000022r 1               
00.000022r 1               @loop:
00.000022r 1  C8               INY                                 ; Advance offset to the next character (starts at index 1)
00.000023r 1  B1 rr            LDA (DISPLAY_PTR), Y                ; Fetch character
00.000025r 1               
00.000025r 1                   pushall
00.000025r 0  08           >  PHP 
00.000026r 0  85 rr        >  STA SAVEA 
00.000028r 0  48           >  PHA 
00.000029r 0  8A           >  TXA 
00.00002Ar 0  48           >  PHA 
00.00002Br 0  98           >  TYA 
00.00002Cr 0  48           >  PHA 
00.00002Dr 0  A5 rr        >  LDA SAVEA 
00.00002Fr 1  A2 00            LDX #$00                            ; Display mode processed special chars.
00.000031r 1  20 rr rr         JSR DISPLAY_CHAR                    ; Draw character & advance cursor
00.000034r 1                   popall
00.000034r 0  68           >  PLA 
00.000035r 0  A8           >  TAY 
00.000036r 0  68           >  PLA 
00.000037r 0  AA           >  TAX 
00.000038r 0  68           >  PLA 
00.000039r 0  28           >  PLP 
00.00003Ar 1               
00.00003Ar 1  CA               DEX                                 ; Decrement remaining byte count
00.00003Br 1  D0 E5            BNE @loop                           ; Continue until X reaches 0
00.00003Dr 1               
00.00003Dr 1               @done:
00.00003Dr 1  60               RTS
00.00003Er 1               .endproc
00.00003Er 1               
00.00003Er 1               
00.00003Er 1               ; ASCII/control character values
00.00003Er 1               CHAR_BEL = $07
00.00003Er 1               CHAR_BS  = $08
00.00003Er 1               CHAR_TAB = $09
00.00003Er 1               CHAR_LF  = $0A
00.00003Er 1               CHAR_FF  = $0C
00.00003Er 1               CHAR_CR  = $0D
00.00003Er 1               CHAR_DEL = $7F
00.00003Er 1               
00.00003Er 1               ; ============================================================================
00.00003Er 1               ; Routine: DISPLAY_CHAR
00.00003Er 1               ; Description:
00.00003Er 1               ;   Plots a single character to the screen at position (CURS_COL, CURS_ROW), updates
00.00003Er 1               ;   the corresponding tile in color RAM with CURRENT_COLOR, and advances
00.00003Er 1               ;   the cursor (wrapping to the next row if X reaches column 40).
00.00003Er 1               ;
00.00003Er 1               ; Inputs:
00.00003Er 1               ;   A                - Character code to write to screen
00.00003Er 1               ;   X                - 0 = Handle special characters (NL, etc).
00.00003Er 1               ;                    - 1 = raw
00.00003Er 1               ;   CURS_COL         - Screen X coordinate
00.00003Er 1               ;   CURS_ROW         - Screen Y coordinate
00.00003Er 1               ;   CURRENT_COLOR - Color code to write to Color RAM
00.00003Er 1               ; ============================================================================
00.00003Er 1               .proc DISPLAY_CHAR
00.00003Er 1               
00.00003Er 1               ; Raw mode bypasses all control-character interpretation.
00.00003Er 1  E0 00            CPX #$00
00.000040r 1  D0 20            BNE @draw_character
00.000042r 1               
00.000042r 1  C9 07            CMP #CHAR_BEL
00.000044r 1  F0 39            BEQ @bell
00.000046r 1               
00.000046r 1  C9 0A            CMP #CHAR_LF
00.000048r 1  F0 36            BEQ @newline
00.00004Ar 1               
00.00004Ar 1  C9 0D            CMP #CHAR_CR
00.00004Cr 1  F0 36            BEQ @carriage_return
00.00004Er 1               
00.00004Er 1  C9 08            CMP #CHAR_BS
00.000050r 1  F0 37            BEQ @backspace
00.000052r 1               
00.000052r 1  C9 09            CMP #CHAR_TAB
00.000054r 1  F0 3A            BEQ @tab
00.000056r 1               
00.000056r 1  C9 0C            CMP #CHAR_FF
00.000058r 1  F0 48            BEQ @form_feed
00.00005Ar 1               
00.00005Ar 1                   ; Ignore unsupported C0 control characters in processed mode.
00.00005Ar 1  C9 20            CMP #$20
00.00005Cr 1  90 20            BCC @done
00.00005Er 1               
00.00005Er 1                   ; Optionally treat DEL as non-printing.
00.00005Er 1  C9 7F            CMP #CHAR_DEL
00.000060r 1  F0 1C            BEQ @done
00.000062r 1               
00.000062r 1                   ; --------------------------------------------------------------------
00.000062r 1                   ; Printable character path
00.000062r 1                   ; --------------------------------------------------------------------
00.000062r 1               @draw_character:
00.000062r 1  48               PHA                                 ; Save character
00.000063r 1               
00.000063r 1                   ; 1. Check if we need to scroll/wrap BEFORE drawing the character
00.000063r 1  A5 rr            LDA CURS_COL
00.000065r 1  C9 28            CMP #SCREEN_COLS
00.000067r 1  90 03            BCC @ready_to_draw
00.000069r 1               
00.000069r 1                   ; If CURS_COL >= SCREEN_COLS, wrap line before printing this character
00.000069r 1  20 rr rr         JSR DISPLAY_NEXT_LINE
00.00006Cr 1               
00.00006Cr 1               @ready_to_draw:
00.00006Cr 1               ; 2. Calculate cursor location and draw character
00.00006Cr 1  20 rr rr         JSR SET_CURSOR
00.00006Fr 1               
00.00006Fr 1  A0 00            LDY #$00
00.000071r 1  68               PLA
00.000072r 1               
00.000072r 1                   ; We not have the *print* character we want, look up the
00.000072r 1                   ; *screen code*
00.000072r 1               
00.000072r 1  AA               TAX                                 ; Transfer to X
00.000073r 1  BD rr rr         LDA p2slookup, X                    ; Lookup the new screen code
00.000076r 1               
00.000076r 1  91 rr            STA (CHAR_PTR), Y
00.000078r 1  A5 rr            LDA CURRENT_COLOR
00.00007Ar 1  91 rr            STA (COLOR_PTR), Y
00.00007Cr 1               
00.00007Cr 1                   ; 3. Advance cursor X position
00.00007Cr 1  E6 rr            INC CURS_COL
00.00007Er 1               @done:
00.00007Er 1  60               RTS
00.00007Fr 1               
00.00007Fr 1                   ; --------------------------------------------------------------------
00.00007Fr 1                   ; Control-character handlers
00.00007Fr 1                   ; --------------------------------------------------------------------
00.00007Fr 1               
00.00007Fr 1               @bell:
00.00007Fr 1               ;JSR RING_BELL               ; Hardware-specific routine
00.00007Fr 1  60               RTS                                 ; Cursor and pending wrap unchanged
00.000080r 1               
00.000080r 1               @newline:
00.000080r 1  20 rr rr         JSR DISPLAY_NEXT_LINE               ; CR+LF semantics in this implementation
00.000083r 1  60               RTS
00.000084r 1               
00.000084r 1               @carriage_return:
00.000084r 1  A9 00            LDA #$00
00.000086r 1  85 rr            STA CURS_COL
00.000088r 1  60               RTS
00.000089r 1               
00.000089r 1               @backspace:
00.000089r 1  A5 rr            LDA CURS_COL
00.00008Br 1  F0 F1            BEQ @done
00.00008Dr 1  C6 rr            DEC CURS_COL
00.00008Fr 1  60               RTS
00.000090r 1               
00.000090r 1               @tab:
00.000090r 1               ; Advance to the next 8-column tab stop.
00.000090r 1               ; This may leave CURS_COL == SCREEN_COLS, creating pending wrap.
00.000090r 1  A5 rr            LDA CURS_COL
00.000092r 1  18               CLC
00.000093r 1  69 08            ADC #8
00.000095r 1  29 F8            AND #$F8
00.000097r 1  85 rr            STA CURS_COL
00.000099r 1               
00.000099r 1                   ; Clamp malformed values beyond the right edge.
00.000099r 1  C9 28            CMP #SCREEN_COLS
00.00009Br 1  90 E1            BCC @done
00.00009Dr 1  A9 28            LDA #SCREEN_COLS
00.00009Fr 1  85 rr            STA CURS_COL
00.0000A1r 1  60               RTS
00.0000A2r 1               
00.0000A2r 1               @form_feed:
00.0000A2r 1  20 rr rr         JSR CLEAR_SCREEN
00.0000A5r 1  60               RTS
00.0000A6r 1               .endproc
00.0000A6r 1               
00.0000A6r 1               ; ============================================================================
00.0000A6r 1               ; Routine: DISPLAY_NEXT_LINE
00.0000A6r 1               ; Description:
00.0000A6r 1               ;   Resets CURS_COL to 0 and advances CURS_ROW to the next line.
00.0000A6r 1               ; ============================================================================
00.0000A6r 1               .proc DISPLAY_NEXT_LINE
00.0000A6r 1                   pushall
00.0000A6r 0  08           >  PHP 
00.0000A7r 0  85 rr        >  STA SAVEA 
00.0000A9r 0  48           >  PHA 
00.0000AAr 0  8A           >  TXA 
00.0000ABr 0  48           >  PHA 
00.0000ACr 0  98           >  TYA 
00.0000ADr 0  48           >  PHA 
00.0000AEr 0  A5 rr        >  LDA SAVEA 
00.0000B0r 1  A9 00            LDA #$00
00.0000B2r 1  85 rr            STA CURS_COL                        ; Reset X to left margin
00.0000B4r 1               
00.0000B4r 1  E6 rr            INC CURS_ROW                        ; Move down one line
00.0000B6r 1  A5 rr            LDA CURS_ROW
00.0000B8r 1  C9 18            CMP #SCREEN_ROWS
00.0000BAr 1  90 03            BCC @noscroll                       ; CURS_ROW < SCREEN_ROWS
00.0000BCr 1  20 rr rr         JSR SCROLL_UP
00.0000BFr 1               @noscroll:
00.0000BFr 1                   popall
00.0000BFr 0  68           >  PLA 
00.0000C0r 0  A8           >  TAY 
00.0000C1r 0  68           >  PLA 
00.0000C2r 0  AA           >  TAX 
00.0000C3r 0  68           >  PLA 
00.0000C4r 0  28           >  PLP 
00.0000C5r 1  60               RTS
00.0000C6r 1               .endproc
00.0000C6r 1               
00.0000C6r 1               ; ============================================================================
00.0000C6r 1               ; Compile-Time Calculated Constants for Scrolling
00.0000C6r 1               ; ============================================================================
00.0000C6r 1               ; Copy rows 1..23 into rows 0..22.
00.0000C6r 1               ; The final row is cleared separately.
00.0000C6r 1               TOTAL_SCROLL_BYTES = (SCREEN_ROWS - 1) * SCREEN_COLS
00.0000C6r 1               PAGES_TO_COPY = TOTAL_SCROLL_BYTES >> 8
00.0000C6r 1               REM_BYTES_TO_COPY = TOTAL_SCROLL_BYTES & $FF
00.0000C6r 1               BOTTOM_ROW_OFFSET = (SCREEN_ROWS - 1) * SCREEN_COLS
00.0000C6r 1               
00.0000C6r 1               ; ============================================================================
00.0000C6r 1               ; Routine: SCROLL_UP
00.0000C6r 1               ; Description:
00.0000C6r 1               ;   Shifts screen RAM (Char & Color) up by 1 row.
00.0000C6r 1               ;   Clears the bottom row and clamps CURS_ROW to SCREEN_ROWS - 1.
00.0000C6r 1               ; ============================================================================
00.0000C6r 1               .proc SCROLL_UP
00.0000C6r 1                   pushall
00.0000C6r 0  08           >  PHP 
00.0000C7r 0  85 rr        >  STA SAVEA 
00.0000C9r 0  48           >  PHA 
00.0000CAr 0  8A           >  TXA 
00.0000CBr 0  48           >  PHA 
00.0000CCr 0  98           >  TYA 
00.0000CDr 0  48           >  PHA 
00.0000CEr 0  A5 rr        >  LDA SAVEA 
00.0000D0r 1                   push_ptr DISPLAY_PTR
00.0000D0r 0  A5 rr        >  LDA P
00.0000D2r 0  48           >  PHA
00.0000D3r 0  A5 rr        >  LDA P + 1
00.0000D5r 0  48           >  PHA
00.0000D6r 1                   push_ptr TMP_PTR
00.0000D6r 0  A5 rr        >  LDA P
00.0000D8r 0  48           >  PHA
00.0000D9r 0  A5 rr        >  LDA P + 1
00.0000DBr 0  48           >  PHA
00.0000DCr 1               
00.0000DCr 1                   ; --------------------------------------------------------------------
00.0000DCr 1                   ; Step 1: Scroll Character RAM
00.0000DCr 1                   ; --------------------------------------------------------------------
00.0000DCr 1                   load16 DISPLAY_PTR, (START_REGION_CHAR_RAM + SCREEN_COLS)
00.0000DCr 0  A9 28        >  LDA #<IMM
00.0000DEr 0  85 rr        >  STA PTR
00.0000E0r 0  A9 A0        >  LDA #>IMM
00.0000E2r 0  85 rr        >  STA PTR + 1
00.0000E4r 1                   load16 TMP_PTR, START_REGION_CHAR_RAM
00.0000E4r 0  A9 00        >  LDA #<IMM
00.0000E6r 0  85 rr        >  STA PTR
00.0000E8r 0  A9 A0        >  LDA #>IMM
00.0000EAr 0  85 rr        >  STA PTR + 1
00.0000ECr 1               
00.0000ECr 1  20 rr rr         JSR copy_vram_block
00.0000EFr 1               
00.0000EFr 1                   ; --------------------------------------------------------------------
00.0000EFr 1                   ; Step 2: Scroll Color RAM
00.0000EFr 1                   ; --------------------------------------------------------------------
00.0000EFr 1                   load16 DISPLAY_PTR, (START_REGION_COLOR_RAM + SCREEN_COLS)
00.0000EFr 0  A9 28        >  LDA #<IMM
00.0000F1r 0  85 rr        >  STA PTR
00.0000F3r 0  A9 B0        >  LDA #>IMM
00.0000F5r 0  85 rr        >  STA PTR + 1
00.0000F7r 1                   load16 TMP_PTR, START_REGION_COLOR_RAM
00.0000F7r 0  A9 00        >  LDA #<IMM
00.0000F9r 0  85 rr        >  STA PTR
00.0000FBr 0  A9 B0        >  LDA #>IMM
00.0000FDr 0  85 rr        >  STA PTR + 1
00.0000FFr 1               
00.0000FFr 1  20 rr rr         JSR copy_vram_block
00.000102r 1               
00.000102r 1                   ; --------------------------------------------------------------------
00.000102r 1                   ; Step 3: Clear Bottom Row
00.000102r 1                   ; --------------------------------------------------------------------
00.000102r 1  A0 27            LDY #(SCREEN_COLS - 1)
00.000104r 1               @clear_bottom:
00.000104r 1               
00.000104r 1  A9 B5            LDA #DEFAULT_SCREEN_CHAR
00.000106r 1  99 98 A3         STA START_REGION_CHAR_RAM + BOTTOM_ROW_OFFSET, Y
00.000109r 1  A5 rr            LDA CURRENT_COLOR
00.00010Br 1  99 98 B3         STA START_REGION_COLOR_RAM + BOTTOM_ROW_OFFSET, Y
00.00010Er 1  88               DEY
00.00010Fr 1               
00.00010Fr 1  10 F3            BPL @clear_bottom
00.000111r 1               
00.000111r 1                   ; Clamp cursor to bottom row
00.000111r 1  A9 17            LDA #(SCREEN_ROWS - 1)
00.000113r 1  85 rr            STA CURS_ROW
00.000115r 1               
00.000115r 1                   pop_ptr TMP_PTR
00.000115r 0  68           >  PLA
00.000116r 0  85 rr        >  STA P + 1
00.000118r 0  68           >  PLA
00.000119r 0  85 rr        >  STA P
00.00011Br 1                   pop_ptr DISPLAY_PTR
00.00011Br 0  68           >  PLA
00.00011Cr 0  85 rr        >  STA P + 1
00.00011Er 0  68           >  PLA
00.00011Fr 0  85 rr        >  STA P
00.000121r 1                   popall
00.000121r 0  68           >  PLA 
00.000122r 0  A8           >  TAY 
00.000123r 0  68           >  PLA 
00.000124r 0  AA           >  TAX 
00.000125r 0  68           >  PLA 
00.000126r 0  28           >  PLP 
00.000127r 1  60               RTS
00.000128r 1               .endproc
00.000128r 1               
00.000128r 1               ; ----------------------------------------------------------------------------
00.000128r 1               ; Internal Helper: Copies TOTAL_SCROLL_BYTES from DISPLAY_PTR to TMP_PTR
00.000128r 1               ; ----------------------------------------------------------------------------
00.000128r 1               .proc copy_vram_block
00.000128r 1               ; --- Copy Full 256-byte Pages ---
00.000128r 1  A2 03            LDX #PAGES_TO_COPY
00.00012Ar 1  F0 10            BEQ @remaining
00.00012Cr 1               
00.00012Cr 1  A0 00            LDY #$00
00.00012Er 1               @page_loop:
00.00012Er 1  B1 rr            LDA (DISPLAY_PTR), Y
00.000130r 1  91 rr            STA (TMP_PTR), Y
00.000132r 1  C8               INY
00.000133r 1  D0 F9            BNE @page_loop
00.000135r 1               
00.000135r 1  E6 rr            INC DISPLAY_PTR + 1
00.000137r 1  E6 rr            INC TMP_PTR + 1
00.000139r 1  CA               DEX
00.00013Ar 1  D0 F2            BNE @page_loop
00.00013Cr 1               
00.00013Cr 1                   ; Copy remaining
00.00013Cr 1               @remaining:
00.00013Cr 1  A0 00            LDY #$00
00.00013Er 1  C0 98            CPY #REM_BYTES_TO_COPY
00.000140r 1  F0 09            BEQ @done
00.000142r 1               
00.000142r 1               @rem_loop:
00.000142r 1  B1 rr            LDA (DISPLAY_PTR), Y
00.000144r 1  91 rr            STA (TMP_PTR), Y
00.000146r 1  C8               INY
00.000147r 1  C0 98            CPY #REM_BYTES_TO_COPY
00.000149r 1  D0 F7            BNE @rem_loop
00.00014Br 1               
00.00014Br 1               @done:
00.00014Br 1  60               RTS
00.00014Cr 1               .endproc
00.00014Cr 1               
00.00014Cr 1               ; Routine: SET_CURSOR
00.00014Cr 1               ; Description:
00.00014Cr 1               ;   Calculates the Character RAM and Color RAM addresses corresponding
00.00014Cr 1               ;   to the current CURS_COL and CURS_ROW coordinates.
00.00014Cr 1               ;
00.00014Cr 1               ; Outputs:
00.00014Cr 1               ;   CHAR_PTR  - Address in Character RAM
00.00014Cr 1               ;   COLOR_PTR - Corresponding address in Color RAM
00.00014Cr 1               ;
00.00014Cr 1               ; Clobbers:
00.00014Cr 1               ;   A, flags, TMP_PTR, CHAR_PTR, COLOR_PTR
00.00014Cr 1               
00.00014Cr 1               
00.00014Cr 1               
00.00014Cr 1               ;.segment "RODATA"
00.00014Cr 1               row_offsets_low:
00.00014Cr 1                   .byte <(START_REGION_CHAR_RAM + (i * SCREEN_COLS))
00.00014Cr 1                   .endrepeat
00.00014Cr 0  00           >  .BYTE <(START_REGION_CHAR_RAM + (i * SCREEN_COLS))
00.00014Dr 0  28           >  .BYTE <(START_REGION_CHAR_RAM + (i * SCREEN_COLS))
00.00014Er 0  50           >  .BYTE <(START_REGION_CHAR_RAM + (i * SCREEN_COLS))
00.00014Fr 0  78           >  .BYTE <(START_REGION_CHAR_RAM + (i * SCREEN_COLS))
00.000150r 0  A0           >  .BYTE <(START_REGION_CHAR_RAM + (i * SCREEN_COLS))
00.000151r 0  C8           >  .BYTE <(START_REGION_CHAR_RAM + (i * SCREEN_COLS))
00.000152r 0  F0           >  .BYTE <(START_REGION_CHAR_RAM + (i * SCREEN_COLS))
00.000153r 0  18           >  .BYTE <(START_REGION_CHAR_RAM + (i * SCREEN_COLS))
00.000154r 0  40           >  .BYTE <(START_REGION_CHAR_RAM + (i * SCREEN_COLS))
00.000155r 0  68           >  .BYTE <(START_REGION_CHAR_RAM + (i * SCREEN_COLS))
00.000156r 0  90           >  .BYTE <(START_REGION_CHAR_RAM + (i * SCREEN_COLS))
00.000157r 0  B8           >  .BYTE <(START_REGION_CHAR_RAM + (i * SCREEN_COLS))
00.000158r 0  E0           >  .BYTE <(START_REGION_CHAR_RAM + (i * SCREEN_COLS))
00.000159r 0  08           >  .BYTE <(START_REGION_CHAR_RAM + (i * SCREEN_COLS))
00.00015Ar 0  30           >  .BYTE <(START_REGION_CHAR_RAM + (i * SCREEN_COLS))
00.00015Br 0  58           >  .BYTE <(START_REGION_CHAR_RAM + (i * SCREEN_COLS))
00.00015Cr 0  80           >  .BYTE <(START_REGION_CHAR_RAM + (i * SCREEN_COLS))
00.00015Dr 0  A8           >  .BYTE <(START_REGION_CHAR_RAM + (i * SCREEN_COLS))
00.00015Er 0  D0           >  .BYTE <(START_REGION_CHAR_RAM + (i * SCREEN_COLS))
00.00015Fr 0  F8           >  .BYTE <(START_REGION_CHAR_RAM + (i * SCREEN_COLS))
00.000160r 0  20           >  .BYTE <(START_REGION_CHAR_RAM + (i * SCREEN_COLS))
00.000161r 0  48           >  .BYTE <(START_REGION_CHAR_RAM + (i * SCREEN_COLS))
00.000162r 0  70           >  .BYTE <(START_REGION_CHAR_RAM + (i * SCREEN_COLS))
00.000163r 0  98           >  .BYTE <(START_REGION_CHAR_RAM + (i * SCREEN_COLS))
00.000164r 1               row_offsets_high:
00.000164r 1                   .byte >(START_REGION_CHAR_RAM + (i * SCREEN_COLS))
00.000164r 1                   .endrepeat
00.000164r 0  A0           >  .BYTE >(START_REGION_CHAR_RAM + (i * SCREEN_COLS))
00.000165r 0  A0           >  .BYTE >(START_REGION_CHAR_RAM + (i * SCREEN_COLS))
00.000166r 0  A0           >  .BYTE >(START_REGION_CHAR_RAM + (i * SCREEN_COLS))
00.000167r 0  A0           >  .BYTE >(START_REGION_CHAR_RAM + (i * SCREEN_COLS))
00.000168r 0  A0           >  .BYTE >(START_REGION_CHAR_RAM + (i * SCREEN_COLS))
00.000169r 0  A0           >  .BYTE >(START_REGION_CHAR_RAM + (i * SCREEN_COLS))
00.00016Ar 0  A0           >  .BYTE >(START_REGION_CHAR_RAM + (i * SCREEN_COLS))
00.00016Br 0  A1           >  .BYTE >(START_REGION_CHAR_RAM + (i * SCREEN_COLS))
00.00016Cr 0  A1           >  .BYTE >(START_REGION_CHAR_RAM + (i * SCREEN_COLS))
00.00016Dr 0  A1           >  .BYTE >(START_REGION_CHAR_RAM + (i * SCREEN_COLS))
00.00016Er 0  A1           >  .BYTE >(START_REGION_CHAR_RAM + (i * SCREEN_COLS))
00.00016Fr 0  A1           >  .BYTE >(START_REGION_CHAR_RAM + (i * SCREEN_COLS))
00.000170r 0  A1           >  .BYTE >(START_REGION_CHAR_RAM + (i * SCREEN_COLS))
00.000171r 0  A2           >  .BYTE >(START_REGION_CHAR_RAM + (i * SCREEN_COLS))
00.000172r 0  A2           >  .BYTE >(START_REGION_CHAR_RAM + (i * SCREEN_COLS))
00.000173r 0  A2           >  .BYTE >(START_REGION_CHAR_RAM + (i * SCREEN_COLS))
00.000174r 0  A2           >  .BYTE >(START_REGION_CHAR_RAM + (i * SCREEN_COLS))
00.000175r 0  A2           >  .BYTE >(START_REGION_CHAR_RAM + (i * SCREEN_COLS))
00.000176r 0  A2           >  .BYTE >(START_REGION_CHAR_RAM + (i * SCREEN_COLS))
00.000177r 0  A2           >  .BYTE >(START_REGION_CHAR_RAM + (i * SCREEN_COLS))
00.000178r 0  A3           >  .BYTE >(START_REGION_CHAR_RAM + (i * SCREEN_COLS))
00.000179r 0  A3           >  .BYTE >(START_REGION_CHAR_RAM + (i * SCREEN_COLS))
00.00017Ar 0  A3           >  .BYTE >(START_REGION_CHAR_RAM + (i * SCREEN_COLS))
00.00017Br 0  A3           >  .BYTE >(START_REGION_CHAR_RAM + (i * SCREEN_COLS))
00.00017Cr 1               
00.00017Cr 1               .segment "CODE"
00.00017Cr 1               .proc SET_CURSOR
00.00017Cr 1  A4 rr            LDY CURS_ROW
00.00017Er 1  B9 rr rr         LDA row_offsets_low, Y
00.000181r 1  85 rr            STA CHAR_PTR
00.000183r 1  B9 rr rr         LDA row_offsets_high, Y
00.000186r 1  85 rr            STA CHAR_PTR+1
00.000188r 1                   ; add column
00.000188r 1  18               CLC
00.000189r 1  A5 rr            LDA CHAR_PTR
00.00018Br 1  65 rr            ADC CURS_COL
00.00018Dr 1  85 rr            STA CHAR_PTR
00.00018Fr 1  90 02            BCC @nocarry
00.000191r 1  E6 rr            INC CHAR_PTR+1
00.000193r 1               @nocarry:
00.000193r 1               
00.000193r 1                   add16i COLOR_PTR, CHAR_PTR, (START_REGION_COLOR_RAM - START_REGION_CHAR_RAM)
00.000193r 0  18           >  CLC
00.000194r 0  A5 rr        >  LDA op1
00.000196r 0  69 00        >  ADC #<(val)
00.000198r 0  85 rr        >  STA dest
00.00019Ar 0  A5 rr        >  LDA op1 + 1
00.00019Cr 0  69 10        >  ADC #>(val)
00.00019Er 0  85 rr        >  STA dest + 1
00.0001A0r 1  60               RTS
00.0001A1r 1               .endproc
00.0001A1r 1               
00.0001A1r 1               .proc CLEAR_SCREEN
00.0001A1r 1                   pushall
00.0001A1r 0  08           >  PHP 
00.0001A2r 0  85 rr        >  STA SAVEA 
00.0001A4r 0  48           >  PHA 
00.0001A5r 0  8A           >  TXA 
00.0001A6r 0  48           >  PHA 
00.0001A7r 0  98           >  TYA 
00.0001A8r 0  48           >  PHA 
00.0001A9r 0  A5 rr        >  LDA SAVEA 
00.0001ABr 1                   push_ptr TMP_PTR
00.0001ABr 0  A5 rr        >  LDA P
00.0001ADr 0  48           >  PHA
00.0001AEr 0  A5 rr        >  LDA P + 1
00.0001B0r 0  48           >  PHA
00.0001B1r 1                   push_ptr DISPLAY_PTR
00.0001B1r 0  A5 rr        >  LDA P
00.0001B3r 0  48           >  PHA
00.0001B4r 0  A5 rr        >  LDA P + 1
00.0001B6r 0  48           >  PHA
00.0001B7r 1               
00.0001B7r 1                   load16 TMP_PTR, START_REGION_CHAR_RAM
00.0001B7r 0  A9 00        >  LDA #<IMM
00.0001B9r 0  85 rr        >  STA PTR
00.0001BBr 0  A9 A0        >  LDA #>IMM
00.0001BDr 0  85 rr        >  STA PTR + 1
00.0001BFr 1                   load16 DISPLAY_PTR, END_REGION_CHAR_RAM
00.0001BFr 0  A9 C0        >  LDA #<IMM
00.0001C1r 0  85 rr        >  STA PTR
00.0001C3r 0  A9 A3        >  LDA #>IMM
00.0001C5r 0  85 rr        >  STA PTR + 1
00.0001C7r 1               
00.0001C7r 1  A9 B5            LDA #DEFAULT_SCREEN_CHAR            ; Fill value
00.0001C9r 1  20 rr rr         JSR MEMFILL_FAST
00.0001CCr 1               
00.0001CCr 1                   load16 TMP_PTR, START_REGION_COLOR_RAM
00.0001CCr 0  A9 00        >  LDA #<IMM
00.0001CEr 0  85 rr        >  STA PTR
00.0001D0r 0  A9 B0        >  LDA #>IMM
00.0001D2r 0  85 rr        >  STA PTR + 1
00.0001D4r 1                   load16 DISPLAY_PTR, END_REGION_COLOR_RAM
00.0001D4r 0  A9 C0        >  LDA #<IMM
00.0001D6r 0  85 rr        >  STA PTR
00.0001D8r 0  A9 B3        >  LDA #>IMM
00.0001DAr 0  85 rr        >  STA PTR + 1
00.0001DCr 1               
00.0001DCr 1  A5 rr            LDA CURRENT_COLOR
00.0001DEr 1  20 rr rr         JSR MEMFILL_FAST
00.0001E1r 1               
00.0001E1r 1  A2 00            LDX #$00
00.0001E3r 1  86 rr            STX CURS_COL
00.0001E5r 1  86 rr            STX CURS_ROW
00.0001E7r 1               
00.0001E7r 1                   pop_ptr DISPLAY_PTR
00.0001E7r 0  68           >  PLA
00.0001E8r 0  85 rr        >  STA P + 1
00.0001EAr 0  68           >  PLA
00.0001EBr 0  85 rr        >  STA P
00.0001EDr 1                   pop_ptr TMP_PTR
00.0001EDr 0  68           >  PLA
00.0001EEr 0  85 rr        >  STA P + 1
00.0001F0r 0  68           >  PLA
00.0001F1r 0  85 rr        >  STA P
00.0001F3r 1                   popall
00.0001F3r 0  68           >  PLA 
00.0001F4r 0  A8           >  TAY 
00.0001F5r 0  68           >  PLA 
00.0001F6r 0  AA           >  TAX 
00.0001F7r 0  68           >  PLA 
00.0001F8r 0  28           >  PLP 
00.0001F9r 1               
00.0001F9r 1  60               RTS
00.0001FAr 1               .endproc
00.0001FAr 1               
00.0001FAr 1               
00.0001FAr 1               ;;;;;;;;;;;;;;;;;;;;;;;;;;;;;;;;;;;;;;;;;;;;;;;;;;;;;;;;;;;;;;;;;;
00.0001FAr 1               ; Input:
00.0001FAr 1               ;   TMP_PTR   = first address to fill
00.0001FAr 1               ;   DISPLAY_PTR = exclusive end address
00.0001FAr 1               ;   A         = fill byte
00.0001FAr 1               ;
00.0001FAr 1               ; Requires:
00.0001FAr 1               ;   TMP_PTR <= DISPLAY_PTR
00.0001FAr 1               ;
00.0001FAr 1               ; Clobbers:
00.0001FAr 1               ;   A, X, Y, TMP_PTR
00.0001FAr 1               
00.0001FAr 1               .proc MEMFILL_FAST
00.0001FAr 1  AA               TAX                                 ; X = fill byte
00.0001FBr 1               
00.0001FBr 1                   ; --------------------------------------------------------------------
00.0001FBr 1                   ; Phase 1: Clear partial start page up to the $xx00 boundary
00.0001FBr 1                   ; --------------------------------------------------------------------
00.0001FBr 1  A0 00            LDY #$00
00.0001FDr 1               @ALIGN_LOOP:
00.0001FDr 1  A5 rr            LDA TMP_PTR                         ; Check if low byte is $00 (page aligned)
00.0001FFr 1  F0 13            BEQ @FILL_PAGES                     ; If TMP_PTR points to $xx00, head alignment is done!
00.000201r 1               
00.000201r 1                   ; Check if TMP_PTR has already hit DISPLAY_PTR before we finish aligning
00.000201r 1  C5 rr            CMP DISPLAY_PTR
00.000203r 1  D0 06            BNE @ALIGN_WRITE
00.000205r 1  A5 rr            LDA TMP_PTR+1
00.000207r 1  C5 rr            CMP DISPLAY_PTR+1
00.000209r 1  F0 25            BEQ @DONE                           ; Reached DISPLAY_PTR during alignment phase!
00.00020Br 1               
00.00020Br 1               @ALIGN_WRITE:
00.00020Br 1  8A               TXA
00.00020Cr 1  91 rr            STA (TMP_PTR), Y
00.00020Er 1  E6 rr            INC TMP_PTR
00.000210r 1  D0 EB            BNE @ALIGN_LOOP
00.000212r 1  E6 rr            INC TMP_PTR+1
00.000214r 1               
00.000214r 1                   ; --------------------------------------------------------------------
00.000214r 1                   ; Phase 2: Clear whole 256-byte pages
00.000214r 1                   ; --------------------------------------------------------------------
00.000214r 1               @FILL_PAGES:
00.000214r 1  A5 rr            LDA TMP_PTR+1
00.000216r 1  C5 rr            CMP DISPLAY_PTR+1
00.000218r 1  F0 0B            BEQ @FILL_REMAINDER                 ; High bytes match -> only partial tail page left!
00.00021Ar 1               
00.00021Ar 1  8A               TXA
00.00021Br 1               @PAGE_LOOP:
00.00021Br 1  91 rr            STA (TMP_PTR), Y                    ; Write byte at (TMP_PTR) + Y
00.00021Dr 1  C8               INY                                 ; 8-bit increment (very fast!)
00.00021Er 1  D0 FB            BNE @PAGE_LOOP                      ; Loops 256 times until Y wraps back to $00
00.000220r 1               
00.000220r 1  E6 rr            INC TMP_PTR+1                       ; Advance to next 256-byte page
00.000222r 1  4C rr rr         JMP @FILL_PAGES
00.000225r 1               
00.000225r 1                   ; --------------------------------------------------------------------
00.000225r 1                   ; Phase 3: Clear the remaining partial page
00.000225r 1                   ; --------------------------------------------------------------------
00.000225r 1               @FILL_REMAINDER:
00.000225r 1               ; Y is currently $00. We fill from $00 up to DISPLAY_PTR low byte.
00.000225r 1  8A               TXA
00.000226r 1               @TAIL_LOOP:
00.000226r 1  C4 rr            CPY DISPLAY_PTR                     ; Reached remaining byte count?
00.000228r 1  F0 06            BEQ @DONE
00.00022Ar 1  91 rr            STA (TMP_PTR), Y                    ; Write remaining bytes
00.00022Cr 1  C8               INY
00.00022Dr 1  4C rr rr         JMP @TAIL_LOOP
00.000230r 1               
00.000230r 1               @DONE:
00.000230r 1  60               RTS
00.000231r 1               .endproc
00.000231r 1               
00.000231r 1               .proc reset_screen
00.000231r 1  A9 6F            LDA #DEFAULT_COLOR                  ; Fill value
00.000233r 1  85 rr            STA CURRENT_COLOR
00.000235r 1  20 rr rr         JSR CLEAR_SCREEN
00.000238r 1  60               RTS
00.000239r 1               .endproc
00.000239r 1               
00.000239r 1               .proc medium_pause
00.000239r 1               ; ignore-next-line
00.000239r 1                   pause_ms 2000
00.000239r 0  08           >  PHP
00.00023Ar 0  48           >  PHA
00.00023Br 0  D8           >  CLD
00.00023Cr 0  A9 A3        >  LDA #<iterations
00.00023Er 0  85 rr        >  STA delay_count
00.000240r 0  A9 9D        >  LDA #>iterations
00.000242r 0  85 rr        >  STA delay_count+1
00.000244r 0  A9 02        >  LDA #^iterations
00.000246r 0  85 rr        >  STA delay_count+2
00.000248r 0  20 rr rr     >  JSR delay_24
00.00024Br 0  24 rr        >  BIT delay_count 
00.00024Dr 0  EA           >>  NOP 
00.00024Er 0  EA           >>  NOP 
00.00024Fr 0  EA           >>  NOP 
00.000250r 0  EA           >>  NOP 
00.000251r 0  EA           >>  NOP 
00.000252r 0  68           >  PLA
00.000253r 0  28           >  PLP
00.000254r 0               > .ENDSCOPE
00.000254r 1  60               RTS
00.000255r 1               .endproc
00.000255r 1               
00.000255r 1               ; ============================================================================
00.000255r 1               ; Reset Handler
00.000255r 1               ; ============================================================================
00.000255r 1               _reset_handler:
00.000255r 1  78               SEI                                 ; Disable interrupts
00.000256r 1  A2 FF            LDX #$FF
00.000258r 1  9A               TXS                                 ; Reset stack pointer to $01FF
00.000259r 1  D8               CLD                                 ; Clear decimal flag
00.00025Ar 1  58               CLI                                 ; Interrupts!
00.00025Br 1               
00.00025Br 1  20 rr rr         JSR reset_screen
00.00025Er 1                   ;JSR video_test
00.00025Er 1  20 rr rr         JSR test_branch_macro
00.000261r 1               
00.000261r 1               
00.000261r 1  A9 6F            LDA #DEFAULT_COLOR                  ; Fill value
00.000263r 1  85 rr            STA CURRENT_COLOR
00.000265r 1                   load16 DISPLAY_PTR, boot_msg
00.000265r 0  A9 rr        >  LDA #<IMM
00.000267r 0  85 rr        >  STA PTR
00.000269r 0  A9 rr        >  LDA #>IMM
00.00026Br 0  85 rr        >  STA PTR + 1
00.00026Dr 1  20 rr rr         JSR DISPLAY_PSTRING
00.000270r 1               halt:
00.000270r 1  4C rr rr         JMP halt                            ; Safely trap CPU here when done
00.000273r 1               
00.000273r 1               boot_msg:
00.000273r 1                   pstring2 {CHAR_FF, "Welcome to the Fantasy 6502 Console!", CHAR_BEL, CHAR_LF, "IN BUSY LOOP"}
00.000273r 0  33           >  .BYTE data_end - data_start
00.000274r 0  0C 57 65 6C  >  .BYTE payload
00.000278r 0  63 6F 6D 65  
00.00027Cr 0  20 74 6F 20  
00.000280r 0  74 68 65 20  
00.0002A7r 0               >  .ASSERT (data_end - data_start) <= 255, error, pstring2 payload exceeds 255 bytes
00.0002A7r 1                   ;pstring2 {"Welcome to the Fantasy 6502 Console!"}
00.0002A7r 1               
00.0002A7r 1               msg_welcome:
00.0002A7r 1                   pstring2 {$C8, "SCROLLING TEST"}
00.0002A7r 0  0F           >  .BYTE data_end - data_start
00.0002A8r 0  C8 53 43 52  >  .BYTE payload
00.0002ACr 0  4F 4C 4C 49  
00.0002B0r 0  4E 47 20 54  
00.0002B4r 0  45 53 54     
00.0002B7r 0               >  .ASSERT (data_end - data_start) <= 255, error, pstring2 payload exceeds 255 bytes
00.0002B7r 1               
00.0002B7r 1               .proc video_test
00.0002B7r 1               
00.0002B7r 1               ; Set pointer in Zero Page
00.0002B7r 1                   load16 DISPLAY_PTR, msg_welcome
00.0002B7r 0  A9 rr        >  LDA #<IMM
00.0002B9r 0  85 rr        >  STA PTR
00.0002BBr 0  A9 rr        >  LDA #>IMM
00.0002BDr 0  85 rr        >  STA PTR + 1
00.0002BFr 1               
00.0002BFr 1  A2 64            LDX #100
00.0002C1r 1               @ploop2:
00.0002C1r 1                   pushall
00.0002C1r 0  08           >  PHP 
00.0002C2r 0  85 rr        >  STA SAVEA 
00.0002C4r 0  48           >  PHA 
00.0002C5r 0  8A           >  TXA 
00.0002C6r 0  48           >  PHA 
00.0002C7r 0  98           >  TYA 
00.0002C8r 0  48           >  PHA 
00.0002C9r 0  A5 rr        >  LDA SAVEA 
00.0002CBr 1  20 rr rr         JSR DISPLAY_PSTRING
00.0002CEr 1                   popall
00.0002CEr 0  68           >  PLA 
00.0002CFr 0  A8           >  TAY 
00.0002D0r 0  68           >  PLA 
00.0002D1r 0  AA           >  TAX 
00.0002D2r 0  68           >  PLA 
00.0002D3r 0  28           >  PLP 
00.0002D4r 1  CA               DEX
00.0002D5r 1  D0 EA            BNE @ploop2
00.0002D7r 1               
00.0002D7r 1  A2 00            LDX #$00
00.0002D9r 1  86 rr            STX CURS_COL
00.0002DBr 1  86 rr            STX CURS_ROW
00.0002DDr 1               
00.0002DDr 1  A9 0C            LDA #$0C
00.0002DFr 1  85 rr            STA CURRENT_COLOR
00.0002E1r 1               
00.0002E1r 1  A2 00            LDX #$00
00.0002E3r 1  86 rr            STX CURS_COL
00.0002E5r 1  A2 01            LDX #$01
00.0002E7r 1  86 rr            STX CURS_ROW
00.0002E9r 1               
00.0002E9r 1               .scope
00.0002E9r 1               
00.0002E9r 1                   JMP     @print
00.0002E9r 1               
00.0002E9r 1               @lstr:
00.0002E9r 1                   pstring .sprintf("LINE # %d", I + 1)
00.0002E9r 1               
00.0002E9r 1               @print:
00.0002E9r 1                   pushall
00.0002E9r 1                   load16  DISPLAY_PTR, @lstr
00.0002E9r 1                   JSR     DISPLAY_PSTRING
00.0002E9r 1               
00.0002E9r 1                   .if I <> ::SCREEN_ROWS-1
00.0002E9r 1                   JSR     DISPLAY_NEXT_LINE
00.0002E9r 1                   .endif
00.0002E9r 1               
00.0002E9r 1                   popall
00.0002E9r 1               
00.0002E9r 1               .endscope
00.0002E9r 1               .endrep
00.0002E9r 0  4C rr rr     >  JMP @print
00.0002ECr 0               >  pstring .SPRINTF(LINE # %d, I + 1)
00.0002ECr 0  08 4C 49 4E  >>  .BYTE .STRLEN(str), str
00.0002F0r 0  45 20 23 20  
00.0002F4r 0  31           
00.0002F5r 0               >  pushall
00.0002F5r 0  08           >>  PHP 
00.0002F6r 0  8D rr rr     >>  STA SAVEA 
00.0002F9r 0  48           >>  PHA 
00.0002FAr 0  8A           >>  TXA 
00.0002FBr 0  48           >>  PHA 
00.0002FCr 0  98           >>  TYA 
00.0002FDr 0  48           >>  PHA 
00.0002FEr 0  AD rr rr     >>  LDA SAVEA 
00.000301r 0               >  load16 DISPLAY_PTR, @lstr
00.000301r 0  A9 rr        >>  LDA #<IMM
00.000303r 0  8D rr rr     >>  STA PTR
00.000306r 0  A9 rr        >>  LDA #>IMM
00.000308r 0  8D rr rr     >>  STA PTR + 1
00.00030Br 0  20 rr rr     >  JSR DISPLAY_PSTRING
00.00030Er 0  20 rr rr     >  JSR DISPLAY_NEXT_LINE
00.000311r 0               >  popall
00.000311r 0  68           >>  PLA 
00.000312r 0  A8           >>  TAY 
00.000313r 0  68           >>  PLA 
00.000314r 0  AA           >>  TAX 
00.000315r 0  68           >>  PLA 
00.000316r 0  28           >>  PLP 
00.000317r 0  4C rr rr     >  JMP @print
00.00031Ar 0               >  pstring .SPRINTF(LINE # %d, I + 1)
00.00031Ar 0  08 4C 49 4E  >>  .BYTE .STRLEN(str), str
00.00031Er 0  45 20 23 20  
00.000322r 0  32           
00.000323r 0               >  pushall
00.000323r 0  08           >>  PHP 
00.000324r 0  8D rr rr     >>  STA SAVEA 
00.000327r 0  48           >>  PHA 
00.000328r 0  8A           >>  TXA 
00.000329r 0  48           >>  PHA 
00.00032Ar 0  98           >>  TYA 
00.00032Br 0  48           >>  PHA 
00.00032Cr 0  AD rr rr     >>  LDA SAVEA 
00.00032Fr 0               >  load16 DISPLAY_PTR, @lstr
00.00032Fr 0  A9 rr        >>  LDA #<IMM
00.000331r 0  8D rr rr     >>  STA PTR
00.000334r 0  A9 rr        >>  LDA #>IMM
00.000336r 0  8D rr rr     >>  STA PTR + 1
00.000339r 0  20 rr rr     >  JSR DISPLAY_PSTRING
00.00033Cr 0  20 rr rr     >  JSR DISPLAY_NEXT_LINE
00.00033Fr 0               >  popall
00.00033Fr 0  68           >>  PLA 
00.000340r 0  A8           >>  TAY 
00.000341r 0  68           >>  PLA 
00.000342r 0  AA           >>  TAX 
00.000343r 0  68           >>  PLA 
00.000344r 0  28           >>  PLP 
00.000345r 0  4C rr rr     >  JMP @print
00.000348r 0               >  pstring .SPRINTF(LINE # %d, I + 1)
00.000348r 0  08 4C 49 4E  >>  .BYTE .STRLEN(str), str
00.00034Cr 0  45 20 23 20  
00.000350r 0  33           
00.000351r 0               >  pushall
00.000351r 0  08           >>  PHP 
00.000352r 0  8D rr rr     >>  STA SAVEA 
00.000355r 0  48           >>  PHA 
00.000356r 0  8A           >>  TXA 
00.000357r 0  48           >>  PHA 
00.000358r 0  98           >>  TYA 
00.000359r 0  48           >>  PHA 
00.00035Ar 0  AD rr rr     >>  LDA SAVEA 
00.00035Dr 0               >  load16 DISPLAY_PTR, @lstr
00.00035Dr 0  A9 rr        >>  LDA #<IMM
00.00035Fr 0  8D rr rr     >>  STA PTR
00.000362r 0  A9 rr        >>  LDA #>IMM
00.000364r 0  8D rr rr     >>  STA PTR + 1
00.000367r 0  20 rr rr     >  JSR DISPLAY_PSTRING
00.00036Ar 0  20 rr rr     >  JSR DISPLAY_NEXT_LINE
00.00036Dr 0               >  popall
00.00036Dr 0  68           >>  PLA 
00.00036Er 0  A8           >>  TAY 
00.00036Fr 0  68           >>  PLA 
00.000370r 0  AA           >>  TAX 
00.000371r 0  68           >>  PLA 
00.000372r 0  28           >>  PLP 
00.000373r 0  4C rr rr     >  JMP @print
00.000376r 0               >  pstring .SPRINTF(LINE # %d, I + 1)
00.000376r 0  08 4C 49 4E  >>  .BYTE .STRLEN(str), str
00.00037Ar 0  45 20 23 20  
00.00037Er 0  34           
00.00037Fr 0               >  pushall
00.00037Fr 0  08           >>  PHP 
00.000380r 0  8D rr rr     >>  STA SAVEA 
00.000383r 0  48           >>  PHA 
00.000384r 0  8A           >>  TXA 
00.000385r 0  48           >>  PHA 
00.000386r 0  98           >>  TYA 
00.000387r 0  48           >>  PHA 
00.000388r 0  AD rr rr     >>  LDA SAVEA 
00.00038Br 0               >  load16 DISPLAY_PTR, @lstr
00.00038Br 0  A9 rr        >>  LDA #<IMM
00.00038Dr 0  8D rr rr     >>  STA PTR
00.000390r 0  A9 rr        >>  LDA #>IMM
00.000392r 0  8D rr rr     >>  STA PTR + 1
00.000395r 0  20 rr rr     >  JSR DISPLAY_PSTRING
00.000398r 0  20 rr rr     >  JSR DISPLAY_NEXT_LINE
00.00039Br 0               >  popall
00.00039Br 0  68           >>  PLA 
00.00039Cr 0  A8           >>  TAY 
00.00039Dr 0  68           >>  PLA 
00.00039Er 0  AA           >>  TAX 
00.00039Fr 0  68           >>  PLA 
00.0003A0r 0  28           >>  PLP 
00.0003A1r 0  4C rr rr     >  JMP @print
00.0003A4r 0               >  pstring .SPRINTF(LINE # %d, I + 1)
00.0003A4r 0  08 4C 49 4E  >>  .BYTE .STRLEN(str), str
00.0003A8r 0  45 20 23 20  
00.0003ACr 0  35           
00.0003ADr 0               >  pushall
00.0003ADr 0  08           >>  PHP 
00.0003AEr 0  8D rr rr     >>  STA SAVEA 
00.0003B1r 0  48           >>  PHA 
00.0003B2r 0  8A           >>  TXA 
00.0003B3r 0  48           >>  PHA 
00.0003B4r 0  98           >>  TYA 
00.0003B5r 0  48           >>  PHA 
00.0003B6r 0  AD rr rr     >>  LDA SAVEA 
00.0003B9r 0               >  load16 DISPLAY_PTR, @lstr
00.0003B9r 0  A9 rr        >>  LDA #<IMM
00.0003BBr 0  8D rr rr     >>  STA PTR
00.0003BEr 0  A9 rr        >>  LDA #>IMM
00.0003C0r 0  8D rr rr     >>  STA PTR + 1
00.0003C3r 0  20 rr rr     >  JSR DISPLAY_PSTRING
00.0003C6r 0  20 rr rr     >  JSR DISPLAY_NEXT_LINE
00.0003C9r 0               >  popall
00.0003C9r 0  68           >>  PLA 
00.0003CAr 0  A8           >>  TAY 
00.0003CBr 0  68           >>  PLA 
00.0003CCr 0  AA           >>  TAX 
00.0003CDr 0  68           >>  PLA 
00.0003CEr 0  28           >>  PLP 
00.0003CFr 0  4C rr rr     >  JMP @print
00.0003D2r 0               >  pstring .SPRINTF(LINE # %d, I + 1)
00.0003D2r 0  08 4C 49 4E  >>  .BYTE .STRLEN(str), str
00.0003D6r 0  45 20 23 20  
00.0003DAr 0  36           
00.0003DBr 0               >  pushall
00.0003DBr 0  08           >>  PHP 
00.0003DCr 0  8D rr rr     >>  STA SAVEA 
00.0003DFr 0  48           >>  PHA 
00.0003E0r 0  8A           >>  TXA 
00.0003E1r 0  48           >>  PHA 
00.0003E2r 0  98           >>  TYA 
00.0003E3r 0  48           >>  PHA 
00.0003E4r 0  AD rr rr     >>  LDA SAVEA 
00.0003E7r 0               >  load16 DISPLAY_PTR, @lstr
00.0003E7r 0  A9 rr        >>  LDA #<IMM
00.0003E9r 0  8D rr rr     >>  STA PTR
00.0003ECr 0  A9 rr        >>  LDA #>IMM
00.0003EEr 0  8D rr rr     >>  STA PTR + 1
00.0003F1r 0  20 rr rr     >  JSR DISPLAY_PSTRING
00.0003F4r 0  20 rr rr     >  JSR DISPLAY_NEXT_LINE
00.0003F7r 0               >  popall
00.0003F7r 0  68           >>  PLA 
00.0003F8r 0  A8           >>  TAY 
00.0003F9r 0  68           >>  PLA 
00.0003FAr 0  AA           >>  TAX 
00.0003FBr 0  68           >>  PLA 
00.0003FCr 0  28           >>  PLP 
00.0003FDr 0  4C rr rr     >  JMP @print
00.000400r 0               >  pstring .SPRINTF(LINE # %d, I + 1)
00.000400r 0  08 4C 49 4E  >>  .BYTE .STRLEN(str), str
00.000404r 0  45 20 23 20  
00.000408r 0  37           
00.000409r 0               >  pushall
00.000409r 0  08           >>  PHP 
00.00040Ar 0  8D rr rr     >>  STA SAVEA 
00.00040Dr 0  48           >>  PHA 
00.00040Er 0  8A           >>  TXA 
00.00040Fr 0  48           >>  PHA 
00.000410r 0  98           >>  TYA 
00.000411r 0  48           >>  PHA 
00.000412r 0  AD rr rr     >>  LDA SAVEA 
00.000415r 0               >  load16 DISPLAY_PTR, @lstr
00.000415r 0  A9 rr        >>  LDA #<IMM
00.000417r 0  8D rr rr     >>  STA PTR
00.00041Ar 0  A9 rr        >>  LDA #>IMM
00.00041Cr 0  8D rr rr     >>  STA PTR + 1
00.00041Fr 0  20 rr rr     >  JSR DISPLAY_PSTRING
00.000422r 0  20 rr rr     >  JSR DISPLAY_NEXT_LINE
00.000425r 0               >  popall
00.000425r 0  68           >>  PLA 
00.000426r 0  A8           >>  TAY 
00.000427r 0  68           >>  PLA 
00.000428r 0  AA           >>  TAX 
00.000429r 0  68           >>  PLA 
00.00042Ar 0  28           >>  PLP 
00.00042Br 0  4C rr rr     >  JMP @print
00.00042Er 0               >  pstring .SPRINTF(LINE # %d, I + 1)
00.00042Er 0  08 4C 49 4E  >>  .BYTE .STRLEN(str), str
00.000432r 0  45 20 23 20  
00.000436r 0  38           
00.000437r 0               >  pushall
00.000437r 0  08           >>  PHP 
00.000438r 0  8D rr rr     >>  STA SAVEA 
00.00043Br 0  48           >>  PHA 
00.00043Cr 0  8A           >>  TXA 
00.00043Dr 0  48           >>  PHA 
00.00043Er 0  98           >>  TYA 
00.00043Fr 0  48           >>  PHA 
00.000440r 0  AD rr rr     >>  LDA SAVEA 
00.000443r 0               >  load16 DISPLAY_PTR, @lstr
00.000443r 0  A9 rr        >>  LDA #<IMM
00.000445r 0  8D rr rr     >>  STA PTR
00.000448r 0  A9 rr        >>  LDA #>IMM
00.00044Ar 0  8D rr rr     >>  STA PTR + 1
00.00044Dr 0  20 rr rr     >  JSR DISPLAY_PSTRING
00.000450r 0  20 rr rr     >  JSR DISPLAY_NEXT_LINE
00.000453r 0               >  popall
00.000453r 0  68           >>  PLA 
00.000454r 0  A8           >>  TAY 
00.000455r 0  68           >>  PLA 
00.000456r 0  AA           >>  TAX 
00.000457r 0  68           >>  PLA 
00.000458r 0  28           >>  PLP 
00.000459r 0  4C rr rr     >  JMP @print
00.00045Cr 0               >  pstring .SPRINTF(LINE # %d, I + 1)
00.00045Cr 0  08 4C 49 4E  >>  .BYTE .STRLEN(str), str
00.000460r 0  45 20 23 20  
00.000464r 0  39           
00.000465r 0               >  pushall
00.000465r 0  08           >>  PHP 
00.000466r 0  8D rr rr     >>  STA SAVEA 
00.000469r 0  48           >>  PHA 
00.00046Ar 0  8A           >>  TXA 
00.00046Br 0  48           >>  PHA 
00.00046Cr 0  98           >>  TYA 
00.00046Dr 0  48           >>  PHA 
00.00046Er 0  AD rr rr     >>  LDA SAVEA 
00.000471r 0               >  load16 DISPLAY_PTR, @lstr
00.000471r 0  A9 rr        >>  LDA #<IMM
00.000473r 0  8D rr rr     >>  STA PTR
00.000476r 0  A9 rr        >>  LDA #>IMM
00.000478r 0  8D rr rr     >>  STA PTR + 1
00.00047Br 0  20 rr rr     >  JSR DISPLAY_PSTRING
00.00047Er 0  20 rr rr     >  JSR DISPLAY_NEXT_LINE
00.000481r 0               >  popall
00.000481r 0  68           >>  PLA 
00.000482r 0  A8           >>  TAY 
00.000483r 0  68           >>  PLA 
00.000484r 0  AA           >>  TAX 
00.000485r 0  68           >>  PLA 
00.000486r 0  28           >>  PLP 
00.000487r 0  4C rr rr     >  JMP @print
00.00048Ar 0               >  pstring .SPRINTF(LINE # %d, I + 1)
00.00048Ar 0  09 4C 49 4E  >>  .BYTE .STRLEN(str), str
00.00048Er 0  45 20 23 20  
00.000492r 0  31 30        
00.000494r 0               >  pushall
00.000494r 0  08           >>  PHP 
00.000495r 0  8D rr rr     >>  STA SAVEA 
00.000498r 0  48           >>  PHA 
00.000499r 0  8A           >>  TXA 
00.00049Ar 0  48           >>  PHA 
00.00049Br 0  98           >>  TYA 
00.00049Cr 0  48           >>  PHA 
00.00049Dr 0  AD rr rr     >>  LDA SAVEA 
00.0004A0r 0               >  load16 DISPLAY_PTR, @lstr
00.0004A0r 0  A9 rr        >>  LDA #<IMM
00.0004A2r 0  8D rr rr     >>  STA PTR
00.0004A5r 0  A9 rr        >>  LDA #>IMM
00.0004A7r 0  8D rr rr     >>  STA PTR + 1
00.0004AAr 0  20 rr rr     >  JSR DISPLAY_PSTRING
00.0004ADr 0  20 rr rr     >  JSR DISPLAY_NEXT_LINE
00.0004B0r 0               >  popall
00.0004B0r 0  68           >>  PLA 
00.0004B1r 0  A8           >>  TAY 
00.0004B2r 0  68           >>  PLA 
00.0004B3r 0  AA           >>  TAX 
00.0004B4r 0  68           >>  PLA 
00.0004B5r 0  28           >>  PLP 
00.0004B6r 0  4C rr rr     >  JMP @print
00.0004B9r 0               >  pstring .SPRINTF(LINE # %d, I + 1)
00.0004B9r 0  09 4C 49 4E  >>  .BYTE .STRLEN(str), str
00.0004BDr 0  45 20 23 20  
00.0004C1r 0  31 31        
00.0004C3r 0               >  pushall
00.0004C3r 0  08           >>  PHP 
00.0004C4r 0  8D rr rr     >>  STA SAVEA 
00.0004C7r 0  48           >>  PHA 
00.0004C8r 0  8A           >>  TXA 
00.0004C9r 0  48           >>  PHA 
00.0004CAr 0  98           >>  TYA 
00.0004CBr 0  48           >>  PHA 
00.0004CCr 0  AD rr rr     >>  LDA SAVEA 
00.0004CFr 0               >  load16 DISPLAY_PTR, @lstr
00.0004CFr 0  A9 rr        >>  LDA #<IMM
00.0004D1r 0  8D rr rr     >>  STA PTR
00.0004D4r 0  A9 rr        >>  LDA #>IMM
00.0004D6r 0  8D rr rr     >>  STA PTR + 1
00.0004D9r 0  20 rr rr     >  JSR DISPLAY_PSTRING
00.0004DCr 0  20 rr rr     >  JSR DISPLAY_NEXT_LINE
00.0004DFr 0               >  popall
00.0004DFr 0  68           >>  PLA 
00.0004E0r 0  A8           >>  TAY 
00.0004E1r 0  68           >>  PLA 
00.0004E2r 0  AA           >>  TAX 
00.0004E3r 0  68           >>  PLA 
00.0004E4r 0  28           >>  PLP 
00.0004E5r 0  4C rr rr     >  JMP @print
00.0004E8r 0               >  pstring .SPRINTF(LINE # %d, I + 1)
00.0004E8r 0  09 4C 49 4E  >>  .BYTE .STRLEN(str), str
00.0004ECr 0  45 20 23 20  
00.0004F0r 0  31 32        
00.0004F2r 0               >  pushall
00.0004F2r 0  08           >>  PHP 
00.0004F3r 0  8D rr rr     >>  STA SAVEA 
00.0004F6r 0  48           >>  PHA 
00.0004F7r 0  8A           >>  TXA 
00.0004F8r 0  48           >>  PHA 
00.0004F9r 0  98           >>  TYA 
00.0004FAr 0  48           >>  PHA 
00.0004FBr 0  AD rr rr     >>  LDA SAVEA 
00.0004FEr 0               >  load16 DISPLAY_PTR, @lstr
00.0004FEr 0  A9 rr        >>  LDA #<IMM
00.000500r 0  8D rr rr     >>  STA PTR
00.000503r 0  A9 rr        >>  LDA #>IMM
00.000505r 0  8D rr rr     >>  STA PTR + 1
00.000508r 0  20 rr rr     >  JSR DISPLAY_PSTRING
00.00050Br 0  20 rr rr     >  JSR DISPLAY_NEXT_LINE
00.00050Er 0               >  popall
00.00050Er 0  68           >>  PLA 
00.00050Fr 0  A8           >>  TAY 
00.000510r 0  68           >>  PLA 
00.000511r 0  AA           >>  TAX 
00.000512r 0  68           >>  PLA 
00.000513r 0  28           >>  PLP 
00.000514r 0  4C rr rr     >  JMP @print
00.000517r 0               >  pstring .SPRINTF(LINE # %d, I + 1)
00.000517r 0  09 4C 49 4E  >>  .BYTE .STRLEN(str), str
00.00051Br 0  45 20 23 20  
00.00051Fr 0  31 33        
00.000521r 0               >  pushall
00.000521r 0  08           >>  PHP 
00.000522r 0  8D rr rr     >>  STA SAVEA 
00.000525r 0  48           >>  PHA 
00.000526r 0  8A           >>  TXA 
00.000527r 0  48           >>  PHA 
00.000528r 0  98           >>  TYA 
00.000529r 0  48           >>  PHA 
00.00052Ar 0  AD rr rr     >>  LDA SAVEA 
00.00052Dr 0               >  load16 DISPLAY_PTR, @lstr
00.00052Dr 0  A9 rr        >>  LDA #<IMM
00.00052Fr 0  8D rr rr     >>  STA PTR
00.000532r 0  A9 rr        >>  LDA #>IMM
00.000534r 0  8D rr rr     >>  STA PTR + 1
00.000537r 0  20 rr rr     >  JSR DISPLAY_PSTRING
00.00053Ar 0  20 rr rr     >  JSR DISPLAY_NEXT_LINE
00.00053Dr 0               >  popall
00.00053Dr 0  68           >>  PLA 
00.00053Er 0  A8           >>  TAY 
00.00053Fr 0  68           >>  PLA 
00.000540r 0  AA           >>  TAX 
00.000541r 0  68           >>  PLA 
00.000542r 0  28           >>  PLP 
00.000543r 0  4C rr rr     >  JMP @print
00.000546r 0               >  pstring .SPRINTF(LINE # %d, I + 1)
00.000546r 0  09 4C 49 4E  >>  .BYTE .STRLEN(str), str
00.00054Ar 0  45 20 23 20  
00.00054Er 0  31 34        
00.000550r 0               >  pushall
00.000550r 0  08           >>  PHP 
00.000551r 0  8D rr rr     >>  STA SAVEA 
00.000554r 0  48           >>  PHA 
00.000555r 0  8A           >>  TXA 
00.000556r 0  48           >>  PHA 
00.000557r 0  98           >>  TYA 
00.000558r 0  48           >>  PHA 
00.000559r 0  AD rr rr     >>  LDA SAVEA 
00.00055Cr 0               >  load16 DISPLAY_PTR, @lstr
00.00055Cr 0  A9 rr        >>  LDA #<IMM
00.00055Er 0  8D rr rr     >>  STA PTR
00.000561r 0  A9 rr        >>  LDA #>IMM
00.000563r 0  8D rr rr     >>  STA PTR + 1
00.000566r 0  20 rr rr     >  JSR DISPLAY_PSTRING
00.000569r 0  20 rr rr     >  JSR DISPLAY_NEXT_LINE
00.00056Cr 0               >  popall
00.00056Cr 0  68           >>  PLA 
00.00056Dr 0  A8           >>  TAY 
00.00056Er 0  68           >>  PLA 
00.00056Fr 0  AA           >>  TAX 
00.000570r 0  68           >>  PLA 
00.000571r 0  28           >>  PLP 
00.000572r 0  4C rr rr     >  JMP @print
00.000575r 0               >  pstring .SPRINTF(LINE # %d, I + 1)
00.000575r 0  09 4C 49 4E  >>  .BYTE .STRLEN(str), str
00.000579r 0  45 20 23 20  
00.00057Dr 0  31 35        
00.00057Fr 0               >  pushall
00.00057Fr 0  08           >>  PHP 
00.000580r 0  8D rr rr     >>  STA SAVEA 
00.000583r 0  48           >>  PHA 
00.000584r 0  8A           >>  TXA 
00.000585r 0  48           >>  PHA 
00.000586r 0  98           >>  TYA 
00.000587r 0  48           >>  PHA 
00.000588r 0  AD rr rr     >>  LDA SAVEA 
00.00058Br 0               >  load16 DISPLAY_PTR, @lstr
00.00058Br 0  A9 rr        >>  LDA #<IMM
00.00058Dr 0  8D rr rr     >>  STA PTR
00.000590r 0  A9 rr        >>  LDA #>IMM
00.000592r 0  8D rr rr     >>  STA PTR + 1
00.000595r 0  20 rr rr     >  JSR DISPLAY_PSTRING
00.000598r 0  20 rr rr     >  JSR DISPLAY_NEXT_LINE
00.00059Br 0               >  popall
00.00059Br 0  68           >>  PLA 
00.00059Cr 0  A8           >>  TAY 
00.00059Dr 0  68           >>  PLA 
00.00059Er 0  AA           >>  TAX 
00.00059Fr 0  68           >>  PLA 
00.0005A0r 0  28           >>  PLP 
00.0005A1r 0  4C rr rr     >  JMP @print
00.0005A4r 0               >  pstring .SPRINTF(LINE # %d, I + 1)
00.0005A4r 0  09 4C 49 4E  >>  .BYTE .STRLEN(str), str
00.0005A8r 0  45 20 23 20  
00.0005ACr 0  31 36        
00.0005AEr 0               >  pushall
00.0005AEr 0  08           >>  PHP 
00.0005AFr 0  8D rr rr     >>  STA SAVEA 
00.0005B2r 0  48           >>  PHA 
00.0005B3r 0  8A           >>  TXA 
00.0005B4r 0  48           >>  PHA 
00.0005B5r 0  98           >>  TYA 
00.0005B6r 0  48           >>  PHA 
00.0005B7r 0  AD rr rr     >>  LDA SAVEA 
00.0005BAr 0               >  load16 DISPLAY_PTR, @lstr
00.0005BAr 0  A9 rr        >>  LDA #<IMM
00.0005BCr 0  8D rr rr     >>  STA PTR
00.0005BFr 0  A9 rr        >>  LDA #>IMM
00.0005C1r 0  8D rr rr     >>  STA PTR + 1
00.0005C4r 0  20 rr rr     >  JSR DISPLAY_PSTRING
00.0005C7r 0  20 rr rr     >  JSR DISPLAY_NEXT_LINE
00.0005CAr 0               >  popall
00.0005CAr 0  68           >>  PLA 
00.0005CBr 0  A8           >>  TAY 
00.0005CCr 0  68           >>  PLA 
00.0005CDr 0  AA           >>  TAX 
00.0005CEr 0  68           >>  PLA 
00.0005CFr 0  28           >>  PLP 
00.0005D0r 0  4C rr rr     >  JMP @print
00.0005D3r 0               >  pstring .SPRINTF(LINE # %d, I + 1)
00.0005D3r 0  09 4C 49 4E  >>  .BYTE .STRLEN(str), str
00.0005D7r 0  45 20 23 20  
00.0005DBr 0  31 37        
00.0005DDr 0               >  pushall
00.0005DDr 0  08           >>  PHP 
00.0005DEr 0  8D rr rr     >>  STA SAVEA 
00.0005E1r 0  48           >>  PHA 
00.0005E2r 0  8A           >>  TXA 
00.0005E3r 0  48           >>  PHA 
00.0005E4r 0  98           >>  TYA 
00.0005E5r 0  48           >>  PHA 
00.0005E6r 0  AD rr rr     >>  LDA SAVEA 
00.0005E9r 0               >  load16 DISPLAY_PTR, @lstr
00.0005E9r 0  A9 rr        >>  LDA #<IMM
00.0005EBr 0  8D rr rr     >>  STA PTR
00.0005EEr 0  A9 rr        >>  LDA #>IMM
00.0005F0r 0  8D rr rr     >>  STA PTR + 1
00.0005F3r 0  20 rr rr     >  JSR DISPLAY_PSTRING
00.0005F6r 0  20 rr rr     >  JSR DISPLAY_NEXT_LINE
00.0005F9r 0               >  popall
00.0005F9r 0  68           >>  PLA 
00.0005FAr 0  A8           >>  TAY 
00.0005FBr 0  68           >>  PLA 
00.0005FCr 0  AA           >>  TAX 
00.0005FDr 0  68           >>  PLA 
00.0005FEr 0  28           >>  PLP 
00.0005FFr 0  4C rr rr     >  JMP @print
00.000602r 0               >  pstring .SPRINTF(LINE # %d, I + 1)
00.000602r 0  09 4C 49 4E  >>  .BYTE .STRLEN(str), str
00.000606r 0  45 20 23 20  
00.00060Ar 0  31 38        
00.00060Cr 0               >  pushall
00.00060Cr 0  08           >>  PHP 
00.00060Dr 0  8D rr rr     >>  STA SAVEA 
00.000610r 0  48           >>  PHA 
00.000611r 0  8A           >>  TXA 
00.000612r 0  48           >>  PHA 
00.000613r 0  98           >>  TYA 
00.000614r 0  48           >>  PHA 
00.000615r 0  AD rr rr     >>  LDA SAVEA 
00.000618r 0               >  load16 DISPLAY_PTR, @lstr
00.000618r 0  A9 rr        >>  LDA #<IMM
00.00061Ar 0  8D rr rr     >>  STA PTR
00.00061Dr 0  A9 rr        >>  LDA #>IMM
00.00061Fr 0  8D rr rr     >>  STA PTR + 1
00.000622r 0  20 rr rr     >  JSR DISPLAY_PSTRING
00.000625r 0  20 rr rr     >  JSR DISPLAY_NEXT_LINE
00.000628r 0               >  popall
00.000628r 0  68           >>  PLA 
00.000629r 0  A8           >>  TAY 
00.00062Ar 0  68           >>  PLA 
00.00062Br 0  AA           >>  TAX 
00.00062Cr 0  68           >>  PLA 
00.00062Dr 0  28           >>  PLP 
00.00062Er 0  4C rr rr     >  JMP @print
00.000631r 0               >  pstring .SPRINTF(LINE # %d, I + 1)
00.000631r 0  09 4C 49 4E  >>  .BYTE .STRLEN(str), str
00.000635r 0  45 20 23 20  
00.000639r 0  31 39        
00.00063Br 0               >  pushall
00.00063Br 0  08           >>  PHP 
00.00063Cr 0  8D rr rr     >>  STA SAVEA 
00.00063Fr 0  48           >>  PHA 
00.000640r 0  8A           >>  TXA 
00.000641r 0  48           >>  PHA 
00.000642r 0  98           >>  TYA 
00.000643r 0  48           >>  PHA 
00.000644r 0  AD rr rr     >>  LDA SAVEA 
00.000647r 0               >  load16 DISPLAY_PTR, @lstr
00.000647r 0  A9 rr        >>  LDA #<IMM
00.000649r 0  8D rr rr     >>  STA PTR
00.00064Cr 0  A9 rr        >>  LDA #>IMM
00.00064Er 0  8D rr rr     >>  STA PTR + 1
00.000651r 0  20 rr rr     >  JSR DISPLAY_PSTRING
00.000654r 0  20 rr rr     >  JSR DISPLAY_NEXT_LINE
00.000657r 0               >  popall
00.000657r 0  68           >>  PLA 
00.000658r 0  A8           >>  TAY 
00.000659r 0  68           >>  PLA 
00.00065Ar 0  AA           >>  TAX 
00.00065Br 0  68           >>  PLA 
00.00065Cr 0  28           >>  PLP 
00.00065Dr 0  4C rr rr     >  JMP @print
00.000660r 0               >  pstring .SPRINTF(LINE # %d, I + 1)
00.000660r 0  09 4C 49 4E  >>  .BYTE .STRLEN(str), str
00.000664r 0  45 20 23 20  
00.000668r 0  32 30        
00.00066Ar 0               >  pushall
00.00066Ar 0  08           >>  PHP 
00.00066Br 0  8D rr rr     >>  STA SAVEA 
00.00066Er 0  48           >>  PHA 
00.00066Fr 0  8A           >>  TXA 
00.000670r 0  48           >>  PHA 
00.000671r 0  98           >>  TYA 
00.000672r 0  48           >>  PHA 
00.000673r 0  AD rr rr     >>  LDA SAVEA 
00.000676r 0               >  load16 DISPLAY_PTR, @lstr
00.000676r 0  A9 rr        >>  LDA #<IMM
00.000678r 0  8D rr rr     >>  STA PTR
00.00067Br 0  A9 rr        >>  LDA #>IMM
00.00067Dr 0  8D rr rr     >>  STA PTR + 1
00.000680r 0  20 rr rr     >  JSR DISPLAY_PSTRING
00.000683r 0  20 rr rr     >  JSR DISPLAY_NEXT_LINE
00.000686r 0               >  popall
00.000686r 0  68           >>  PLA 
00.000687r 0  A8           >>  TAY 
00.000688r 0  68           >>  PLA 
00.000689r 0  AA           >>  TAX 
00.00068Ar 0  68           >>  PLA 
00.00068Br 0  28           >>  PLP 
00.00068Cr 0  4C rr rr     >  JMP @print
00.00068Fr 0               >  pstring .SPRINTF(LINE # %d, I + 1)
00.00068Fr 0  09 4C 49 4E  >>  .BYTE .STRLEN(str), str
00.000693r 0  45 20 23 20  
00.000697r 0  32 31        
00.000699r 0               >  pushall
00.000699r 0  08           >>  PHP 
00.00069Ar 0  8D rr rr     >>  STA SAVEA 
00.00069Dr 0  48           >>  PHA 
00.00069Er 0  8A           >>  TXA 
00.00069Fr 0  48           >>  PHA 
00.0006A0r 0  98           >>  TYA 
00.0006A1r 0  48           >>  PHA 
00.0006A2r 0  AD rr rr     >>  LDA SAVEA 
00.0006A5r 0               >  load16 DISPLAY_PTR, @lstr
00.0006A5r 0  A9 rr        >>  LDA #<IMM
00.0006A7r 0  8D rr rr     >>  STA PTR
00.0006AAr 0  A9 rr        >>  LDA #>IMM
00.0006ACr 0  8D rr rr     >>  STA PTR + 1
00.0006AFr 0  20 rr rr     >  JSR DISPLAY_PSTRING
00.0006B2r 0  20 rr rr     >  JSR DISPLAY_NEXT_LINE
00.0006B5r 0               >  popall
00.0006B5r 0  68           >>  PLA 
00.0006B6r 0  A8           >>  TAY 
00.0006B7r 0  68           >>  PLA 
00.0006B8r 0  AA           >>  TAX 
00.0006B9r 0  68           >>  PLA 
00.0006BAr 0  28           >>  PLP 
00.0006BBr 0  4C rr rr     >  JMP @print
00.0006BEr 0               >  pstring .SPRINTF(LINE # %d, I + 1)
00.0006BEr 0  09 4C 49 4E  >>  .BYTE .STRLEN(str), str
00.0006C2r 0  45 20 23 20  
00.0006C6r 0  32 32        
00.0006C8r 0               >  pushall
00.0006C8r 0  08           >>  PHP 
00.0006C9r 0  8D rr rr     >>  STA SAVEA 
00.0006CCr 0  48           >>  PHA 
00.0006CDr 0  8A           >>  TXA 
00.0006CEr 0  48           >>  PHA 
00.0006CFr 0  98           >>  TYA 
00.0006D0r 0  48           >>  PHA 
00.0006D1r 0  AD rr rr     >>  LDA SAVEA 
00.0006D4r 0               >  load16 DISPLAY_PTR, @lstr
00.0006D4r 0  A9 rr        >>  LDA #<IMM
00.0006D6r 0  8D rr rr     >>  STA PTR
00.0006D9r 0  A9 rr        >>  LDA #>IMM
00.0006DBr 0  8D rr rr     >>  STA PTR + 1
00.0006DEr 0  20 rr rr     >  JSR DISPLAY_PSTRING
00.0006E1r 0  20 rr rr     >  JSR DISPLAY_NEXT_LINE
00.0006E4r 0               >  popall
00.0006E4r 0  68           >>  PLA 
00.0006E5r 0  A8           >>  TAY 
00.0006E6r 0  68           >>  PLA 
00.0006E7r 0  AA           >>  TAX 
00.0006E8r 0  68           >>  PLA 
00.0006E9r 0  28           >>  PLP 
00.0006EAr 0  4C rr rr     >  JMP @print
00.0006EDr 0               >  pstring .SPRINTF(LINE # %d, I + 1)
00.0006EDr 0  09 4C 49 4E  >>  .BYTE .STRLEN(str), str
00.0006F1r 0  45 20 23 20  
00.0006F5r 0  32 33        
00.0006F7r 0               >  pushall
00.0006F7r 0  08           >>  PHP 
00.0006F8r 0  8D rr rr     >>  STA SAVEA 
00.0006FBr 0  48           >>  PHA 
00.0006FCr 0  8A           >>  TXA 
00.0006FDr 0  48           >>  PHA 
00.0006FEr 0  98           >>  TYA 
00.0006FFr 0  48           >>  PHA 
00.000700r 0  AD rr rr     >>  LDA SAVEA 
00.000703r 0               >  load16 DISPLAY_PTR, @lstr
00.000703r 0  A9 rr        >>  LDA #<IMM
00.000705r 0  8D rr rr     >>  STA PTR
00.000708r 0  A9 rr        >>  LDA #>IMM
00.00070Ar 0  8D rr rr     >>  STA PTR + 1
00.00070Dr 0  20 rr rr     >  JSR DISPLAY_PSTRING
00.000710r 0  20 rr rr     >  JSR DISPLAY_NEXT_LINE
00.000713r 0               >  popall
00.000713r 0  68           >>  PLA 
00.000714r 0  A8           >>  TAY 
00.000715r 0  68           >>  PLA 
00.000716r 0  AA           >>  TAX 
00.000717r 0  68           >>  PLA 
00.000718r 0  28           >>  PLP 
00.000719r 0  4C rr rr     >  JMP @print
00.00071Cr 0               >  pstring .SPRINTF(LINE # %d, I + 1)
00.00071Cr 0  09 4C 49 4E  >>  .BYTE .STRLEN(str), str
00.000720r 0  45 20 23 20  
00.000724r 0  32 34        
00.000726r 0               >  pushall
00.000726r 0  08           >>  PHP 
00.000727r 0  8D rr rr     >>  STA SAVEA 
00.00072Ar 0  48           >>  PHA 
00.00072Br 0  8A           >>  TXA 
00.00072Cr 0  48           >>  PHA 
00.00072Dr 0  98           >>  TYA 
00.00072Er 0  48           >>  PHA 
00.00072Fr 0  AD rr rr     >>  LDA SAVEA 
00.000732r 0               >  load16 DISPLAY_PTR, @lstr
00.000732r 0  A9 rr        >>  LDA #<IMM
00.000734r 0  8D rr rr     >>  STA PTR
00.000737r 0  A9 rr        >>  LDA #>IMM
00.000739r 0  8D rr rr     >>  STA PTR + 1
00.00073Cr 0  20 rr rr     >  JSR DISPLAY_PSTRING
00.00073Fr 0               >  popall
00.00073Fr 0  68           >>  PLA 
00.000740r 0  A8           >>  TAY 
00.000741r 0  68           >>  PLA 
00.000742r 0  AA           >>  TAX 
00.000743r 0  68           >>  PLA 
00.000744r 0  28           >>  PLP 
00.000745r 0               > .ENDSCOPE
00.000745r 1               
00.000745r 1               ; lets do a run over all possible characters, just for fun.
00.000745r 1  A9 C1            LDA #$C1
00.000747r 1  85 rr            STA CURRENT_COLOR
00.000749r 1               
00.000749r 1  A2 00            LDX #$00
00.00074Br 1  86 rr            STX CURS_COL
00.00074Dr 1  A2 00            LDX #$00
00.00074Fr 1  86 rr            STX CURS_ROW
00.000751r 1               
00.000751r 1  A0 00            LDY #$00
00.000753r 1               @dl:
00.000753r 1                   pushall
00.000753r 0  08           >  PHP 
00.000754r 0  85 rr        >  STA SAVEA 
00.000756r 0  48           >  PHA 
00.000757r 0  8A           >  TXA 
00.000758r 0  48           >  PHA 
00.000759r 0  98           >  TYA 
00.00075Ar 0  48           >  PHA 
00.00075Br 0  A5 rr        >  LDA SAVEA 
00.00075Dr 1  A2 01            LDX #$01
00.00075Fr 1  98               TYA
00.000760r 1  20 rr rr         JSR DISPLAY_CHAR
00.000763r 1                   popall
00.000763r 0  68           >  PLA 
00.000764r 0  A8           >  TAY 
00.000765r 0  68           >  PLA 
00.000766r 0  AA           >  TAX 
00.000767r 0  68           >  PLA 
00.000768r 0  28           >  PLP 
00.000769r 1  C8               INY                                 ; increment y
00.00076Ar 1  D0 E7            BNE @dl                             ; didn't wrap around?
00.00076Cr 1               
00.00076Cr 1  20 rr rr         JSR medium_pause
00.00076Fr 1  60           RTS
00.000770r 1               .endproc
00.000770r 1               
00.000770r 1                   .include "branch_tests.asm"
00.000770r 2               ; ============================================================================
00.000770r 2               ; Branch Macro Test Suite
00.000770r 2               ; ============================================================================
00.000770r 2               ;
00.000770r 2               ; Requires:
00.000770r 2               ;   DISPLAY_PSTRING
00.000770r 2               ;   DISPLAY_NEXT_LINE
00.000770r 2               ;   DISPLAY_PTR
00.000770r 2               ;   CURRENT_COLOR
00.000770r 2               ;   DEFAULT_COLOR
00.000770r 2               ;   pstring
00.000770r 2               ;
00.000770r 2               ; expected_taken:
00.000770r 2               ;   0 = branch should not be taken
00.000770r 2               ;   1 = branch should be taken
00.000770r 2               ; ============================================================================
00.000770r 2               
00.000770r 2               TEST_FAIL_COLOR = $A3
00.000770r 2               
00.000770r 2               BRANCH_NOT_TAKEN = 0
00.000770r 2               BRANCH_TAKEN     = 1
00.000770r 2               
00.000770r 2               
00.000770r 2               ; ----------------------------------------------------------------------------
00.000770r 2               ; Test result strings
00.000770r 2               ; ----------------------------------------------------------------------------
00.000770r 2               
00.000770r 2               test_branch_taken:
00.000770r 2                   pstring "BRANCH TAKEN"
00.000770r 0  0C 42 52 41  >  .BYTE .STRLEN(str), str
00.000774r 0  4E 43 48 20  
00.000778r 0  54 41 4B 45  
00.00077Cr 0  4E           
00.00077Dr 2               
00.00077Dr 2               test_branch_not_taken:
00.00077Dr 2                   pstring "BRANCH NOT TAKEN"
00.00077Dr 0  10 42 52 41  >  .BYTE .STRLEN(str), str
00.000781r 0  4E 43 48 20  
00.000785r 0  4E 4F 54 20  
00.000789r 0  54 41 4B 45  
00.00078Er 2               
00.00078Er 2               
00.00078Er 2               ; ----------------------------------------------------------------------------
00.00078Er 2               ; Test state
00.00078Er 2               ; ----------------------------------------------------------------------------
00.00078Er 2               
00.00078Er 2               .segment "ZEROPAGE"
04.000010r 2               
04.000010r 2               ; Keep your existing fail_flag allocation if it already exists.
04.000010r 2               ; fail_flag:
04.000010r 2               ;     .res 1
04.000010r 2               
04.000010r 2               ; Used by the long-jump tests.
04.000010r 2               branch_test_actual:
04.000010r 2  xx               .res 1
04.000011r 2               
04.000011r 2               
04.000011r 2               .segment "CODE"
00.00078Er 2               
00.00078Er 2               
00.00078Er 2               ; ============================================================================
00.00078Er 2               ; Mark the current test as failed
00.00078Er 2               ; ============================================================================
00.00078Er 2               
00.00078Er 2               .macro mark_branch_test_failed
00.00078Er 2                   lda #TEST_FAIL_COLOR
00.00078Er 2                   sta CURRENT_COLOR
00.00078Er 2               
00.00078Er 2                   lda #$01
00.00078Er 2                   sta fail_flag
00.00078Er 2               .endmacro
00.00078Er 2               
00.00078Er 2               
00.00078Er 2               ; ============================================================================
00.00078Er 2               ; Test a branch macro that expects flags to have been set by CMP
00.00078Er 2               ;
00.00078Er 2               ; Example:
00.00078Er 2               ;   create_branch_test "BLT 0,1", blt, 0, 1, BRANCH_TAKEN
00.00078Er 2               ; ============================================================================
00.00078Er 2               
00.00078Er 2               .macro create_branch_test test_name, macroopcode, val1, val2, expected_taken
00.00078Er 2                   .local test_string
00.00078Er 2                   .local test_start
00.00078Er 2                   .local did_branch
00.00078Er 2                   .local not_taken_ok
00.00078Er 2                   .local taken_ok
00.00078Er 2                   .local test_done
00.00078Er 2                   .local exit2
00.00078Er 2               
00.00078Er 2                   ; Skip the inline Pascal string.
00.00078Er 2                   jmp test_start
00.00078Er 2               
00.00078Er 2               test_string:
00.00078Er 2                   pstring test_name
00.00078Er 2               
00.00078Er 2               test_start:
00.00078Er 2                   lda #DEFAULT_COLOR
00.00078Er 2                   sta CURRENT_COLOR
00.00078Er 2               
00.00078Er 2                   load16 DISPLAY_PTR, test_string
00.00078Er 2                   jsr DISPLAY_PSTRING
00.00078Er 2               
00.00078Er 2                   ; Establish flags through an unsigned compare.
00.00078Er 2                   lda #val1
00.00078Er 2                   cmp #val2
00.00078Er 2               
00.00078Er 2                   macroopcode did_branch
00.00078Er 2               
00.00078Er 2                   ; ------------------------------------------------------------------------
00.00078Er 2                   ; Actual result: branch not taken
00.00078Er 2                   ; ------------------------------------------------------------------------
00.00078Er 2               
00.00078Er 2                   lda #expected_taken
00.00078Er 2                   beq not_taken_ok
00.00078Er 2               
00.00078Er 2                   mark_branch_test_failed
00.00078Er 2               
00.00078Er 2               not_taken_ok:
00.00078Er 2                   load16 DISPLAY_PTR, test_branch_not_taken
00.00078Er 2                   jsr DISPLAY_PSTRING
00.00078Er 2                   jsr DISPLAY_NEXT_LINE
00.00078Er 2                   jmp test_done
00.00078Er 2               
00.00078Er 2               did_branch:
00.00078Er 2                   ; ------------------------------------------------------------------------
00.00078Er 2                   ; Actual result: branch taken
00.00078Er 2                   ; ------------------------------------------------------------------------
00.00078Er 2               
00.00078Er 2                   lda #expected_taken
00.00078Er 2                   bne taken_ok
00.00078Er 2               
00.00078Er 2                   mark_branch_test_failed
00.00078Er 2               
00.00078Er 2               taken_ok:
00.00078Er 2                   load16 DISPLAY_PTR, test_branch_taken
00.00078Er 2                   jsr DISPLAY_PSTRING
00.00078Er 2                   jsr DISPLAY_NEXT_LINE
00.00078Er 2               
00.00078Er 2               test_done:
00.00078Er 2                   lda fail_flag
00.00078Er 2                   beq exit2
00.00078Er 2                   jmp freeze_it
00.00078Er 2               exit2:
00.00078Er 2               .endmacro
00.00078Er 2               
00.00078Er 2               
00.00078Er 2               ; ============================================================================
00.00078Er 2               ; Test one of the combined "if_a_*" macros
00.00078Er 2               ;
00.00078Er 2               ; The tested macro performs its own CMP.
00.00078Er 2               ;
00.00078Er 2               ; Example:
00.00078Er 2               ;   create_a_compare_test "A LT 0,1", if_a_lt, 0, 1, BRANCH_TAKEN
00.00078Er 2               ; ============================================================================
00.00078Er 2               
00.00078Er 2               .macro create_a_compare_test test_name, macroopcode, a_value, compare_value, expected_taken
00.00078Er 2                   .local test_string
00.00078Er 2                   .local test_start
00.00078Er 2                   .local did_branch
00.00078Er 2                   .local not_taken_ok
00.00078Er 2                   .local taken_ok
00.00078Er 2                   .local test_done
00.00078Er 2                   .local exit2
00.00078Er 2               
00.00078Er 2                   jmp test_start
00.00078Er 2               
00.00078Er 2               test_string:
00.00078Er 2                   pstring test_name
00.00078Er 2               
00.00078Er 2               test_start:
00.00078Er 2                   lda #DEFAULT_COLOR
00.00078Er 2                   sta CURRENT_COLOR
00.00078Er 2               
00.00078Er 2                   load16 DISPLAY_PTR, test_string
00.00078Er 2                   jsr DISPLAY_PSTRING
00.00078Er 2               
00.00078Er 2                   lda #a_value
00.00078Er 2                   macroopcode compare_value, did_branch
00.00078Er 2               
00.00078Er 2                   ; ------------------------------------------------------------------------
00.00078Er 2                   ; Actual result: branch not taken
00.00078Er 2                   ; ------------------------------------------------------------------------
00.00078Er 2               
00.00078Er 2                   lda #expected_taken
00.00078Er 2                   beq not_taken_ok
00.00078Er 2               
00.00078Er 2                   mark_branch_test_failed
00.00078Er 2               
00.00078Er 2               not_taken_ok:
00.00078Er 2                   load16 DISPLAY_PTR, test_branch_not_taken
00.00078Er 2                   jsr DISPLAY_PSTRING
00.00078Er 2                   jsr DISPLAY_NEXT_LINE
00.00078Er 2                   jmp test_done
00.00078Er 2               
00.00078Er 2               did_branch:
00.00078Er 2                   ; ------------------------------------------------------------------------
00.00078Er 2                   ; Actual result: branch taken
00.00078Er 2                   ; ------------------------------------------------------------------------
00.00078Er 2               
00.00078Er 2                   lda #expected_taken
00.00078Er 2                   bne taken_ok
00.00078Er 2               
00.00078Er 2                   mark_branch_test_failed
00.00078Er 2               
00.00078Er 2               taken_ok:
00.00078Er 2                   load16 DISPLAY_PTR, test_branch_taken
00.00078Er 2                   jsr DISPLAY_PSTRING
00.00078Er 2                   jsr DISPLAY_NEXT_LINE
00.00078Er 2               
00.00078Er 2               test_done:
00.00078Er 2                   lda fail_flag
00.00078Er 2                   beq exit2
00.00078Er 2                   jmp freeze_it
00.00078Er 2               exit2:
00.00078Er 2               .endmacro
00.00078Er 2               
00.00078Er 2               
00.00078Er 2               ; ============================================================================
00.00078Er 2               ; Test a signed branch macro
00.00078Er 2               ;
00.00078Er 2               ; IMPORTANT:
00.00078Er 2               ;   CMP does not modify V, so signed comparisons cannot reliably use CMP.
00.00078Er 2               ;   SEC/SBC is used here to establish N and V for:
00.00078Er 2               ;
00.00078Er 2               ;       signed_lhs - signed_rhs
00.00078Er 2               ;
00.00078Er 2               ; Example:
00.00078Er 2               ;   create_signed_branch_test "SBLT -1,0", sblt, $FF, $00, BRANCH_TAKEN
00.00078Er 2               ; ============================================================================
00.00078Er 2               
00.00078Er 2               .macro create_signed_branch_test test_name, macroopcode, signed_lhs, signed_rhs, expected_taken
00.00078Er 2                   .local test_string
00.00078Er 2                   .local test_start
00.00078Er 2                   .local did_branch
00.00078Er 2                   .local not_taken_ok
00.00078Er 2                   .local taken_ok
00.00078Er 2                   .local test_done
00.00078Er 2                   .local exit2
00.00078Er 2               
00.00078Er 2                   jmp test_start
00.00078Er 2               
00.00078Er 2               test_string:
00.00078Er 2                   pstring test_name
00.00078Er 2               
00.00078Er 2               test_start:
00.00078Er 2                   lda #DEFAULT_COLOR
00.00078Er 2                   sta CURRENT_COLOR
00.00078Er 2               
00.00078Er 2                   load16 DISPLAY_PTR, test_string
00.00078Er 2                   jsr DISPLAY_PSTRING
00.00078Er 2               
00.00078Er 2                   ; Ensure binary arithmetic.
00.00078Er 2                   cld
00.00078Er 2               
00.00078Er 2                   ; Establish N and V using a real subtraction.
00.00078Er 2                   sec
00.00078Er 2                   lda #signed_lhs
00.00078Er 2                   sbc #signed_rhs
00.00078Er 2               
00.00078Er 2                   macroopcode did_branch
00.00078Er 2               
00.00078Er 2                   ; ------------------------------------------------------------------------
00.00078Er 2                   ; Actual result: branch not taken
00.00078Er 2                   ; ------------------------------------------------------------------------
00.00078Er 2               
00.00078Er 2                   lda #expected_taken
00.00078Er 2                   beq not_taken_ok
00.00078Er 2               
00.00078Er 2                   mark_branch_test_failed
00.00078Er 2               
00.00078Er 2               not_taken_ok:
00.00078Er 2                   load16 DISPLAY_PTR, test_branch_not_taken
00.00078Er 2                   jsr DISPLAY_PSTRING
00.00078Er 2                   jsr DISPLAY_NEXT_LINE
00.00078Er 2                   jmp test_done
00.00078Er 2               
00.00078Er 2               did_branch:
00.00078Er 2                   ; ------------------------------------------------------------------------
00.00078Er 2                   ; Actual result: branch taken
00.00078Er 2                   ; ------------------------------------------------------------------------
00.00078Er 2               
00.00078Er 2                   lda #expected_taken
00.00078Er 2                   bne taken_ok
00.00078Er 2               
00.00078Er 2                   mark_branch_test_failed
00.00078Er 2               
00.00078Er 2               taken_ok:
00.00078Er 2                   load16 DISPLAY_PTR, test_branch_taken
00.00078Er 2                   jsr DISPLAY_PSTRING
00.00078Er 2                   jsr DISPLAY_NEXT_LINE
00.00078Er 2               
00.00078Er 2               test_done:
00.00078Er 2                   lda fail_flag
00.00078Er 2                   beq exit2
00.00078Er 2                   jmp freeze_it
00.00078Er 2               exit2:
00.00078Er 2               .endmacro
00.00078Er 2               
00.00078Er 2               
00.00078Er 2               ; ============================================================================
00.00078Er 2               ; Test a smart long-jump macro
00.00078Er 2               ;
00.00078Er 2               ; The destination is deliberately placed more than 127 bytes backward so the
00.00078Er 2               ; check_branch_distance macro recognizes this as a legitimate long jump.
00.00078Er 2               ;
00.00078Er 2               ; Example:
00.00078Er 2               ;   create_long_branch_test "JEQ 1,1", jeq, 1, 1, BRANCH_TAKEN
00.00078Er 2               ; ============================================================================
00.00078Er 2               
00.00078Er 2               .macro create_long_branch_test test_name, macroopcode, val1, val2, expected_taken
00.00078Er 2                   .local test_string
00.00078Er 2                   .local test_start
00.00078Er 2                   .local far_branch_target
00.00078Er 2                   .local evaluate_result
00.00078Er 2                   .local actual_taken
00.00078Er 2                   .local not_taken_ok
00.00078Er 2                   .local taken_ok
00.00078Er 2                   .local test_done
00.00078Er 2                   .local exit2
00.00078Er 2               
00.00078Er 2                   ; Normal execution skips the backward branch target and padding.
00.00078Er 2                   jmp test_start
00.00078Er 2               
00.00078Er 2               far_branch_target:
00.00078Er 2                   lda #$01
00.00078Er 2                   sta branch_test_actual
00.00078Er 2                   jmp evaluate_result
00.00078Er 2               
00.00078Er 2                   ; Force far_branch_target outside ordinary relative branch range.
00.00078Er 2                   .repeat 132
00.00078Er 2                       nop
00.00078Er 2                   .endrepeat
00.00078Er 2               
00.00078Er 2               test_string:
00.00078Er 2                   pstring test_name
00.00078Er 2               
00.00078Er 2               test_start:
00.00078Er 2                   lda #DEFAULT_COLOR
00.00078Er 2                   sta CURRENT_COLOR
00.00078Er 2               
00.00078Er 2                   load16 DISPLAY_PTR, test_string
00.00078Er 2                   jsr DISPLAY_PSTRING
00.00078Er 2               
00.00078Er 2                   lda #$00
00.00078Er 2                   sta branch_test_actual
00.00078Er 2               
00.00078Er 2                   lda #val1
00.00078Er 2                   cmp #val2
00.00078Er 2               
00.00078Er 2                   macroopcode far_branch_target
00.00078Er 2               
00.00078Er 2               evaluate_result:
00.00078Er 2                   lda branch_test_actual
00.00078Er 2                   bne actual_taken
00.00078Er 2               
00.00078Er 2                   ; ------------------------------------------------------------------------
00.00078Er 2                   ; Actual result: branch not taken
00.00078Er 2                   ; ------------------------------------------------------------------------
00.00078Er 2               
00.00078Er 2                   lda #expected_taken
00.00078Er 2                   beq not_taken_ok
00.00078Er 2               
00.00078Er 2                   mark_branch_test_failed
00.00078Er 2               
00.00078Er 2               not_taken_ok:
00.00078Er 2                   load16 DISPLAY_PTR, test_branch_not_taken
00.00078Er 2                   jsr DISPLAY_PSTRING
00.00078Er 2                   jsr DISPLAY_NEXT_LINE
00.00078Er 2                   jmp test_done
00.00078Er 2               
00.00078Er 2               actual_taken:
00.00078Er 2                   ; ------------------------------------------------------------------------
00.00078Er 2                   ; Actual result: branch taken
00.00078Er 2                   ; ------------------------------------------------------------------------
00.00078Er 2               
00.00078Er 2                   lda #expected_taken
00.00078Er 2                   bne taken_ok
00.00078Er 2               
00.00078Er 2                   mark_branch_test_failed
00.00078Er 2               
00.00078Er 2               taken_ok:
00.00078Er 2                   load16 DISPLAY_PTR, test_branch_taken
00.00078Er 2                   jsr DISPLAY_PSTRING
00.00078Er 2                   jsr DISPLAY_NEXT_LINE
00.00078Er 2               
00.00078Er 2               test_done:
00.00078Er 2                   lda fail_flag
00.00078Er 2                   beq exit2
00.00078Er 2                   jmp freeze_it
00.00078Er 2               exit2:
00.00078Er 2               .endmacro
00.00078Er 2               
00.00078Er 2               
00.00078Er 2               ; ============================================================================
00.00078Er 2               ; Complete branch macro test procedure
00.00078Er 2               ; ============================================================================
00.00078Er 2               
00.00078Er 2               .proc test_branch_macro
00.00078Er 2  20 rr rr         jsr reset_screen
00.000791r 2               
00.000791r 2  A9 00            lda #$00
00.000793r 2  8D rr rr         sta fail_flag
00.000796r 2               
00.000796r 2                   ; ========================================================================
00.000796r 2                   ; 1. UNSIGNED CONDITIONAL BRANCHES
00.000796r 2                   ; ========================================================================
00.000796r 2               
00.000796r 2                   ; BEQ alias
00.000796r 2                   create_branch_test "BEQ 0 == 0 ", beq_alias, $00, $00, BRANCH_TAKEN
00.000796r 0  4C rr rr     >  jmp test_start
00.000799r 0               >  pstring test_name
00.000799r 0  0B 42 45 51  >>  .BYTE .STRLEN(str), str
00.00079Dr 0  20 30 20 3D  
00.0007A1r 0  3D 20 30 20  
00.0007A5r 0  A9 6F        >  lda #DEFAULT_COLOR
00.0007A7r 0  85 rr        >  sta CURRENT_COLOR
00.0007A9r 0               >  load16 DISPLAY_PTR, test_string
00.0007A9r 0  A9 rr        >>  LDA #<IMM
00.0007ABr 0  85 rr        >>  STA PTR
00.0007ADr 0  A9 rr        >>  LDA #>IMM
00.0007AFr 0  85 rr        >>  STA PTR + 1
00.0007B1r 0  20 rr rr     >  jsr DISPLAY_PSTRING
00.0007B4r 0  A9 00        >  lda #val1
00.0007B6r 0  C9 00        >  cmp #val2
00.0007B8r 0               >  macroopcode did_branch
00.0007B8r 0  F0 1E        >>  BEQ target
00.0007BAr 0  A9 01        >  lda #expected_taken
00.0007BCr 0  F0 09        >  beq not_taken_ok
00.0007BEr 0               >  mark_branch_test_failed
00.0007BEr 0  A9 A3        >>  lda #TEST_FAIL_COLOR
00.0007C0r 0  85 rr        >>  sta CURRENT_COLOR
00.0007C2r 0  A9 01        >>  lda #1
00.0007C4r 0  8D rr rr     >>  sta fail_flag
00.0007C7r 0               >  load16 DISPLAY_PTR, test_branch_not_taken
00.0007C7r 0  A9 rr        >>  LDA #<IMM
00.0007C9r 0  85 rr        >>  STA PTR
00.0007CBr 0  A9 rr        >>  LDA #>IMM
00.0007CDr 0  85 rr        >>  STA PTR + 1
00.0007CFr 0  20 rr rr     >  jsr DISPLAY_PSTRING
00.0007D2r 0  20 rr rr     >  jsr DISPLAY_NEXT_LINE
00.0007D5r 0  4C rr rr     >  jmp test_done
00.0007D8r 0  A9 01        >  lda #expected_taken
00.0007DAr 0  D0 09        >  bne taken_ok
00.0007DCr 0               >  mark_branch_test_failed
00.0007DCr 0  A9 A3        >>  lda #TEST_FAIL_COLOR
00.0007DEr 0  85 rr        >>  sta CURRENT_COLOR
00.0007E0r 0  A9 01        >>  lda #1
00.0007E2r 0  8D rr rr     >>  sta fail_flag
00.0007E5r 0               >  load16 DISPLAY_PTR, test_branch_taken
00.0007E5r 0  A9 rr        >>  LDA #<IMM
00.0007E7r 0  85 rr        >>  STA PTR
00.0007E9r 0  A9 rr        >>  LDA #>IMM
00.0007EBr 0  85 rr        >>  STA PTR + 1
00.0007EDr 0  20 rr rr     >  jsr DISPLAY_PSTRING
00.0007F0r 0  20 rr rr     >  jsr DISPLAY_NEXT_LINE
00.0007F3r 0  AD rr rr     >  lda fail_flag
00.0007F6r 0  F0 03        >  beq exit2
00.0007F8r 0  4C rr rr     >  jmp freeze_it
00.0007FBr 0               > exit2:
00.0007FBr 2                   create_branch_test "BEQ 0 == 1 ", beq_alias, $00, $01, BRANCH_NOT_TAKEN
00.0007FBr 0  4C rr rr     >  jmp test_start
00.0007FEr 0               >  pstring test_name
00.0007FEr 0  0B 42 45 51  >>  .BYTE .STRLEN(str), str
00.000802r 0  20 30 20 3D  
00.000806r 0  3D 20 31 20  
00.00080Ar 0  A9 6F        >  lda #DEFAULT_COLOR
00.00080Cr 0  85 rr        >  sta CURRENT_COLOR
00.00080Er 0               >  load16 DISPLAY_PTR, test_string
00.00080Er 0  A9 rr        >>  LDA #<IMM
00.000810r 0  85 rr        >>  STA PTR
00.000812r 0  A9 rr        >>  LDA #>IMM
00.000814r 0  85 rr        >>  STA PTR + 1
00.000816r 0  20 rr rr     >  jsr DISPLAY_PSTRING
00.000819r 0  A9 00        >  lda #val1
00.00081Br 0  C9 01        >  cmp #val2
00.00081Dr 0               >  macroopcode did_branch
00.00081Dr 0  F0 1E        >>  BEQ target
00.00081Fr 0  A9 00        >  lda #expected_taken
00.000821r 0  F0 09        >  beq not_taken_ok
00.000823r 0               >  mark_branch_test_failed
00.000823r 0  A9 A3        >>  lda #TEST_FAIL_COLOR
00.000825r 0  85 rr        >>  sta CURRENT_COLOR
00.000827r 0  A9 01        >>  lda #1
00.000829r 0  8D rr rr     >>  sta fail_flag
00.00082Cr 0               >  load16 DISPLAY_PTR, test_branch_not_taken
00.00082Cr 0  A9 rr        >>  LDA #<IMM
00.00082Er 0  85 rr        >>  STA PTR
00.000830r 0  A9 rr        >>  LDA #>IMM
00.000832r 0  85 rr        >>  STA PTR + 1
00.000834r 0  20 rr rr     >  jsr DISPLAY_PSTRING
00.000837r 0  20 rr rr     >  jsr DISPLAY_NEXT_LINE
00.00083Ar 0  4C rr rr     >  jmp test_done
00.00083Dr 0  A9 00        >  lda #expected_taken
00.00083Fr 0  D0 09        >  bne taken_ok
00.000841r 0               >  mark_branch_test_failed
00.000841r 0  A9 A3        >>  lda #TEST_FAIL_COLOR
00.000843r 0  85 rr        >>  sta CURRENT_COLOR
00.000845r 0  A9 01        >>  lda #1
00.000847r 0  8D rr rr     >>  sta fail_flag
00.00084Ar 0               >  load16 DISPLAY_PTR, test_branch_taken
00.00084Ar 0  A9 rr        >>  LDA #<IMM
00.00084Cr 0  85 rr        >>  STA PTR
00.00084Er 0  A9 rr        >>  LDA #>IMM
00.000850r 0  85 rr        >>  STA PTR + 1
00.000852r 0  20 rr rr     >  jsr DISPLAY_PSTRING
00.000855r 0  20 rr rr     >  jsr DISPLAY_NEXT_LINE
00.000858r 0  AD rr rr     >  lda fail_flag
00.00085Br 0  F0 03        >  beq exit2
00.00085Dr 0  4C rr rr     >  jmp freeze_it
00.000860r 0               > exit2:
00.000860r 2               
00.000860r 2                   ; BNE alias
00.000860r 2                   create_branch_test "BNE 0 != 1 ", bne_alias, $00, $01, BRANCH_TAKEN
00.000860r 0  4C rr rr     >  jmp test_start
00.000863r 0               >  pstring test_name
00.000863r 0  0B 42 4E 45  >>  .BYTE .STRLEN(str), str
00.000867r 0  20 30 20 21  
00.00086Br 0  3D 20 31 20  
00.00086Fr 0  A9 6F        >  lda #DEFAULT_COLOR
00.000871r 0  85 rr        >  sta CURRENT_COLOR
00.000873r 0               >  load16 DISPLAY_PTR, test_string
00.000873r 0  A9 rr        >>  LDA #<IMM
00.000875r 0  85 rr        >>  STA PTR
00.000877r 0  A9 rr        >>  LDA #>IMM
00.000879r 0  85 rr        >>  STA PTR + 1
00.00087Br 0  20 rr rr     >  jsr DISPLAY_PSTRING
00.00087Er 0  A9 00        >  lda #val1
00.000880r 0  C9 01        >  cmp #val2
00.000882r 0               >  macroopcode did_branch
00.000882r 0  D0 1E        >>  BNE target
00.000884r 0  A9 01        >  lda #expected_taken
00.000886r 0  F0 09        >  beq not_taken_ok
00.000888r 0               >  mark_branch_test_failed
00.000888r 0  A9 A3        >>  lda #TEST_FAIL_COLOR
00.00088Ar 0  85 rr        >>  sta CURRENT_COLOR
00.00088Cr 0  A9 01        >>  lda #1
00.00088Er 0  8D rr rr     >>  sta fail_flag
00.000891r 0               >  load16 DISPLAY_PTR, test_branch_not_taken
00.000891r 0  A9 rr        >>  LDA #<IMM
00.000893r 0  85 rr        >>  STA PTR
00.000895r 0  A9 rr        >>  LDA #>IMM
00.000897r 0  85 rr        >>  STA PTR + 1
00.000899r 0  20 rr rr     >  jsr DISPLAY_PSTRING
00.00089Cr 0  20 rr rr     >  jsr DISPLAY_NEXT_LINE
00.00089Fr 0  4C rr rr     >  jmp test_done
00.0008A2r 0  A9 01        >  lda #expected_taken
00.0008A4r 0  D0 09        >  bne taken_ok
00.0008A6r 0               >  mark_branch_test_failed
00.0008A6r 0  A9 A3        >>  lda #TEST_FAIL_COLOR
00.0008A8r 0  85 rr        >>  sta CURRENT_COLOR
00.0008AAr 0  A9 01        >>  lda #1
00.0008ACr 0  8D rr rr     >>  sta fail_flag
00.0008AFr 0               >  load16 DISPLAY_PTR, test_branch_taken
00.0008AFr 0  A9 rr        >>  LDA #<IMM
00.0008B1r 0  85 rr        >>  STA PTR
00.0008B3r 0  A9 rr        >>  LDA #>IMM
00.0008B5r 0  85 rr        >>  STA PTR + 1
00.0008B7r 0  20 rr rr     >  jsr DISPLAY_PSTRING
00.0008BAr 0  20 rr rr     >  jsr DISPLAY_NEXT_LINE
00.0008BDr 0  AD rr rr     >  lda fail_flag
00.0008C0r 0  F0 03        >  beq exit2
00.0008C2r 0  4C rr rr     >  jmp freeze_it
00.0008C5r 0               > exit2:
00.0008C5r 2                   create_branch_test "BNE 0 != 0 ", bne_alias, $00, $00, BRANCH_NOT_TAKEN
00.0008C5r 0  4C rr rr     >  jmp test_start
00.0008C8r 0               >  pstring test_name
00.0008C8r 0  0B 42 4E 45  >>  .BYTE .STRLEN(str), str
00.0008CCr 0  20 30 20 21  
00.0008D0r 0  3D 20 30 20  
00.0008D4r 0  A9 6F        >  lda #DEFAULT_COLOR
00.0008D6r 0  85 rr        >  sta CURRENT_COLOR
00.0008D8r 0               >  load16 DISPLAY_PTR, test_string
00.0008D8r 0  A9 rr        >>  LDA #<IMM
00.0008DAr 0  85 rr        >>  STA PTR
00.0008DCr 0  A9 rr        >>  LDA #>IMM
00.0008DEr 0  85 rr        >>  STA PTR + 1
00.0008E0r 0  20 rr rr     >  jsr DISPLAY_PSTRING
00.0008E3r 0  A9 00        >  lda #val1
00.0008E5r 0  C9 00        >  cmp #val2
00.0008E7r 0               >  macroopcode did_branch
00.0008E7r 0  D0 1E        >>  BNE target
00.0008E9r 0  A9 00        >  lda #expected_taken
00.0008EBr 0  F0 09        >  beq not_taken_ok
00.0008EDr 0               >  mark_branch_test_failed
00.0008EDr 0  A9 A3        >>  lda #TEST_FAIL_COLOR
00.0008EFr 0  85 rr        >>  sta CURRENT_COLOR
00.0008F1r 0  A9 01        >>  lda #1
00.0008F3r 0  8D rr rr     >>  sta fail_flag
00.0008F6r 0               >  load16 DISPLAY_PTR, test_branch_not_taken
00.0008F6r 0  A9 rr        >>  LDA #<IMM
00.0008F8r 0  85 rr        >>  STA PTR
00.0008FAr 0  A9 rr        >>  LDA #>IMM
00.0008FCr 0  85 rr        >>  STA PTR + 1
00.0008FEr 0  20 rr rr     >  jsr DISPLAY_PSTRING
00.000901r 0  20 rr rr     >  jsr DISPLAY_NEXT_LINE
00.000904r 0  4C rr rr     >  jmp test_done
00.000907r 0  A9 00        >  lda #expected_taken
00.000909r 0  D0 09        >  bne taken_ok
00.00090Br 0               >  mark_branch_test_failed
00.00090Br 0  A9 A3        >>  lda #TEST_FAIL_COLOR
00.00090Dr 0  85 rr        >>  sta CURRENT_COLOR
00.00090Fr 0  A9 01        >>  lda #1
00.000911r 0  8D rr rr     >>  sta fail_flag
00.000914r 0               >  load16 DISPLAY_PTR, test_branch_taken
00.000914r 0  A9 rr        >>  LDA #<IMM
00.000916r 0  85 rr        >>  STA PTR
00.000918r 0  A9 rr        >>  LDA #>IMM
00.00091Ar 0  85 rr        >>  STA PTR + 1
00.00091Cr 0  20 rr rr     >  jsr DISPLAY_PSTRING
00.00091Fr 0  20 rr rr     >  jsr DISPLAY_NEXT_LINE
00.000922r 0  AD rr rr     >  lda fail_flag
00.000925r 0  F0 03        >  beq exit2
00.000927r 0  4C rr rr     >  jmp freeze_it
00.00092Ar 0               > exit2:
00.00092Ar 2               
00.00092Ar 2                   ; Unsigned less than
00.00092Ar 2                   create_branch_test "BLT 0 < 1  ", blt, $00, $01, BRANCH_TAKEN
00.00092Ar 0  4C rr rr     >  jmp test_start
00.00092Dr 0               >  pstring test_name
00.00092Dr 0  0B 42 4C 54  >>  .BYTE .STRLEN(str), str
00.000931r 0  20 30 20 3C  
00.000935r 0  20 31 20 20  
00.000939r 0  A9 6F        >  lda #DEFAULT_COLOR
00.00093Br 0  85 rr        >  sta CURRENT_COLOR
00.00093Dr 0               >  load16 DISPLAY_PTR, test_string
00.00093Dr 0  A9 rr        >>  LDA #<IMM
00.00093Fr 0  85 rr        >>  STA PTR
00.000941r 0  A9 rr        >>  LDA #>IMM
00.000943r 0  85 rr        >>  STA PTR + 1
00.000945r 0  20 rr rr     >  jsr DISPLAY_PSTRING
00.000948r 0  A9 00        >  lda #val1
00.00094Ar 0  C9 01        >  cmp #val2
00.00094Cr 0               >  macroopcode did_branch
00.00094Cr 0  90 1E        >>  BCC target
00.00094Er 0  A9 01        >  lda #expected_taken
00.000950r 0  F0 09        >  beq not_taken_ok
00.000952r 0               >  mark_branch_test_failed
00.000952r 0  A9 A3        >>  lda #TEST_FAIL_COLOR
00.000954r 0  85 rr        >>  sta CURRENT_COLOR
00.000956r 0  A9 01        >>  lda #1
00.000958r 0  8D rr rr     >>  sta fail_flag
00.00095Br 0               >  load16 DISPLAY_PTR, test_branch_not_taken
00.00095Br 0  A9 rr        >>  LDA #<IMM
00.00095Dr 0  85 rr        >>  STA PTR
00.00095Fr 0  A9 rr        >>  LDA #>IMM
00.000961r 0  85 rr        >>  STA PTR + 1
00.000963r 0  20 rr rr     >  jsr DISPLAY_PSTRING
00.000966r 0  20 rr rr     >  jsr DISPLAY_NEXT_LINE
00.000969r 0  4C rr rr     >  jmp test_done
00.00096Cr 0  A9 01        >  lda #expected_taken
00.00096Er 0  D0 09        >  bne taken_ok
00.000970r 0               >  mark_branch_test_failed
00.000970r 0  A9 A3        >>  lda #TEST_FAIL_COLOR
00.000972r 0  85 rr        >>  sta CURRENT_COLOR
00.000974r 0  A9 01        >>  lda #1
00.000976r 0  8D rr rr     >>  sta fail_flag
00.000979r 0               >  load16 DISPLAY_PTR, test_branch_taken
00.000979r 0  A9 rr        >>  LDA #<IMM
00.00097Br 0  85 rr        >>  STA PTR
00.00097Dr 0  A9 rr        >>  LDA #>IMM
00.00097Fr 0  85 rr        >>  STA PTR + 1
00.000981r 0  20 rr rr     >  jsr DISPLAY_PSTRING
00.000984r 0  20 rr rr     >  jsr DISPLAY_NEXT_LINE
00.000987r 0  AD rr rr     >  lda fail_flag
00.00098Ar 0  F0 03        >  beq exit2
00.00098Cr 0  4C rr rr     >  jmp freeze_it
00.00098Fr 0               > exit2:
00.00098Fr 2                   create_branch_test "BLT 1 < 1  ", blt, $01, $01, BRANCH_NOT_TAKEN
00.00098Fr 0  4C rr rr     >  jmp test_start
00.000992r 0               >  pstring test_name
00.000992r 0  0B 42 4C 54  >>  .BYTE .STRLEN(str), str
00.000996r 0  20 31 20 3C  
00.00099Ar 0  20 31 20 20  
00.00099Er 0  A9 6F        >  lda #DEFAULT_COLOR
00.0009A0r 0  85 rr        >  sta CURRENT_COLOR
00.0009A2r 0               >  load16 DISPLAY_PTR, test_string
00.0009A2r 0  A9 rr        >>  LDA #<IMM
00.0009A4r 0  85 rr        >>  STA PTR
00.0009A6r 0  A9 rr        >>  LDA #>IMM
00.0009A8r 0  85 rr        >>  STA PTR + 1
00.0009AAr 0  20 rr rr     >  jsr DISPLAY_PSTRING
00.0009ADr 0  A9 01        >  lda #val1
00.0009AFr 0  C9 01        >  cmp #val2
00.0009B1r 0               >  macroopcode did_branch
00.0009B1r 0  90 1E        >>  BCC target
00.0009B3r 0  A9 00        >  lda #expected_taken
00.0009B5r 0  F0 09        >  beq not_taken_ok
00.0009B7r 0               >  mark_branch_test_failed
00.0009B7r 0  A9 A3        >>  lda #TEST_FAIL_COLOR
00.0009B9r 0  85 rr        >>  sta CURRENT_COLOR
00.0009BBr 0  A9 01        >>  lda #1
00.0009BDr 0  8D rr rr     >>  sta fail_flag
00.0009C0r 0               >  load16 DISPLAY_PTR, test_branch_not_taken
00.0009C0r 0  A9 rr        >>  LDA #<IMM
00.0009C2r 0  85 rr        >>  STA PTR
00.0009C4r 0  A9 rr        >>  LDA #>IMM
00.0009C6r 0  85 rr        >>  STA PTR + 1
00.0009C8r 0  20 rr rr     >  jsr DISPLAY_PSTRING
00.0009CBr 0  20 rr rr     >  jsr DISPLAY_NEXT_LINE
00.0009CEr 0  4C rr rr     >  jmp test_done
00.0009D1r 0  A9 00        >  lda #expected_taken
00.0009D3r 0  D0 09        >  bne taken_ok
00.0009D5r 0               >  mark_branch_test_failed
00.0009D5r 0  A9 A3        >>  lda #TEST_FAIL_COLOR
00.0009D7r 0  85 rr        >>  sta CURRENT_COLOR
00.0009D9r 0  A9 01        >>  lda #1
00.0009DBr 0  8D rr rr     >>  sta fail_flag
00.0009DEr 0               >  load16 DISPLAY_PTR, test_branch_taken
00.0009DEr 0  A9 rr        >>  LDA #<IMM
00.0009E0r 0  85 rr        >>  STA PTR
00.0009E2r 0  A9 rr        >>  LDA #>IMM
00.0009E4r 0  85 rr        >>  STA PTR + 1
00.0009E6r 0  20 rr rr     >  jsr DISPLAY_PSTRING
00.0009E9r 0  20 rr rr     >  jsr DISPLAY_NEXT_LINE
00.0009ECr 0  AD rr rr     >  lda fail_flag
00.0009EFr 0  F0 03        >  beq exit2
00.0009F1r 0  4C rr rr     >  jmp freeze_it
00.0009F4r 0               > exit2:
00.0009F4r 2                   create_branch_test "BLT FF < 1 ", blt, $FF, $01, BRANCH_NOT_TAKEN
00.0009F4r 0  4C rr rr     >  jmp test_start
00.0009F7r 0               >  pstring test_name
00.0009F7r 0  0B 42 4C 54  >>  .BYTE .STRLEN(str), str
00.0009FBr 0  20 46 46 20  
00.0009FFr 0  3C 20 31 20  
00.000A03r 0  A9 6F        >  lda #DEFAULT_COLOR
00.000A05r 0  85 rr        >  sta CURRENT_COLOR
00.000A07r 0               >  load16 DISPLAY_PTR, test_string
00.000A07r 0  A9 rr        >>  LDA #<IMM
00.000A09r 0  85 rr        >>  STA PTR
00.000A0Br 0  A9 rr        >>  LDA #>IMM
00.000A0Dr 0  85 rr        >>  STA PTR + 1
00.000A0Fr 0  20 rr rr     >  jsr DISPLAY_PSTRING
00.000A12r 0  A9 FF        >  lda #val1
00.000A14r 0  C9 01        >  cmp #val2
00.000A16r 0               >  macroopcode did_branch
00.000A16r 0  90 1E        >>  BCC target
00.000A18r 0  A9 00        >  lda #expected_taken
00.000A1Ar 0  F0 09        >  beq not_taken_ok
00.000A1Cr 0               >  mark_branch_test_failed
00.000A1Cr 0  A9 A3        >>  lda #TEST_FAIL_COLOR
00.000A1Er 0  85 rr        >>  sta CURRENT_COLOR
00.000A20r 0  A9 01        >>  lda #1
00.000A22r 0  8D rr rr     >>  sta fail_flag
00.000A25r 0               >  load16 DISPLAY_PTR, test_branch_not_taken
00.000A25r 0  A9 rr        >>  LDA #<IMM
00.000A27r 0  85 rr        >>  STA PTR
00.000A29r 0  A9 rr        >>  LDA #>IMM
00.000A2Br 0  85 rr        >>  STA PTR + 1
00.000A2Dr 0  20 rr rr     >  jsr DISPLAY_PSTRING
00.000A30r 0  20 rr rr     >  jsr DISPLAY_NEXT_LINE
00.000A33r 0  4C rr rr     >  jmp test_done
00.000A36r 0  A9 00        >  lda #expected_taken
00.000A38r 0  D0 09        >  bne taken_ok
00.000A3Ar 0               >  mark_branch_test_failed
00.000A3Ar 0  A9 A3        >>  lda #TEST_FAIL_COLOR
00.000A3Cr 0  85 rr        >>  sta CURRENT_COLOR
00.000A3Er 0  A9 01        >>  lda #1
00.000A40r 0  8D rr rr     >>  sta fail_flag
00.000A43r 0               >  load16 DISPLAY_PTR, test_branch_taken
00.000A43r 0  A9 rr        >>  LDA #<IMM
00.000A45r 0  85 rr        >>  STA PTR
00.000A47r 0  A9 rr        >>  LDA #>IMM
00.000A49r 0  85 rr        >>  STA PTR + 1
00.000A4Br 0  20 rr rr     >  jsr DISPLAY_PSTRING
00.000A4Er 0  20 rr rr     >  jsr DISPLAY_NEXT_LINE
00.000A51r 0  AD rr rr     >  lda fail_flag
00.000A54r 0  F0 03        >  beq exit2
00.000A56r 0  4C rr rr     >  jmp freeze_it
00.000A59r 0               > exit2:
00.000A59r 2               
00.000A59r 2                   ; Unsigned greater than or equal
00.000A59r 2                   create_branch_test "BGE 1 >= 0 ", bge, $01, $00, BRANCH_TAKEN
00.000A59r 0  4C rr rr     >  jmp test_start
00.000A5Cr 0               >  pstring test_name
00.000A5Cr 0  0B 42 47 45  >>  .BYTE .STRLEN(str), str
00.000A60r 0  20 31 20 3E  
00.000A64r 0  3D 20 30 20  
00.000A68r 0  A9 6F        >  lda #DEFAULT_COLOR
00.000A6Ar 0  85 rr        >  sta CURRENT_COLOR
00.000A6Cr 0               >  load16 DISPLAY_PTR, test_string
00.000A6Cr 0  A9 rr        >>  LDA #<IMM
00.000A6Er 0  85 rr        >>  STA PTR
00.000A70r 0  A9 rr        >>  LDA #>IMM
00.000A72r 0  85 rr        >>  STA PTR + 1
00.000A74r 0  20 rr rr     >  jsr DISPLAY_PSTRING
00.000A77r 0  A9 01        >  lda #val1
00.000A79r 0  C9 00        >  cmp #val2
00.000A7Br 0               >  macroopcode did_branch
00.000A7Br 0  B0 1E        >>  BCS target
00.000A7Dr 0  A9 01        >  lda #expected_taken
00.000A7Fr 0  F0 09        >  beq not_taken_ok
00.000A81r 0               >  mark_branch_test_failed
00.000A81r 0  A9 A3        >>  lda #TEST_FAIL_COLOR
00.000A83r 0  85 rr        >>  sta CURRENT_COLOR
00.000A85r 0  A9 01        >>  lda #1
00.000A87r 0  8D rr rr     >>  sta fail_flag
00.000A8Ar 0               >  load16 DISPLAY_PTR, test_branch_not_taken
00.000A8Ar 0  A9 rr        >>  LDA #<IMM
00.000A8Cr 0  85 rr        >>  STA PTR
00.000A8Er 0  A9 rr        >>  LDA #>IMM
00.000A90r 0  85 rr        >>  STA PTR + 1
00.000A92r 0  20 rr rr     >  jsr DISPLAY_PSTRING
00.000A95r 0  20 rr rr     >  jsr DISPLAY_NEXT_LINE
00.000A98r 0  4C rr rr     >  jmp test_done
00.000A9Br 0  A9 01        >  lda #expected_taken
00.000A9Dr 0  D0 09        >  bne taken_ok
00.000A9Fr 0               >  mark_branch_test_failed
00.000A9Fr 0  A9 A3        >>  lda #TEST_FAIL_COLOR
00.000AA1r 0  85 rr        >>  sta CURRENT_COLOR
00.000AA3r 0  A9 01        >>  lda #1
00.000AA5r 0  8D rr rr     >>  sta fail_flag
00.000AA8r 0               >  load16 DISPLAY_PTR, test_branch_taken
00.000AA8r 0  A9 rr        >>  LDA #<IMM
00.000AAAr 0  85 rr        >>  STA PTR
00.000AACr 0  A9 rr        >>  LDA #>IMM
00.000AAEr 0  85 rr        >>  STA PTR + 1
00.000AB0r 0  20 rr rr     >  jsr DISPLAY_PSTRING
00.000AB3r 0  20 rr rr     >  jsr DISPLAY_NEXT_LINE
00.000AB6r 0  AD rr rr     >  lda fail_flag
00.000AB9r 0  F0 03        >  beq exit2
00.000ABBr 0  4C rr rr     >  jmp freeze_it
00.000ABEr 0               > exit2:
00.000ABEr 2                   create_branch_test "BGE 1 >= 1 ", bge, $01, $01, BRANCH_TAKEN
00.000ABEr 0  4C rr rr     >  jmp test_start
00.000AC1r 0               >  pstring test_name
00.000AC1r 0  0B 42 47 45  >>  .BYTE .STRLEN(str), str
00.000AC5r 0  20 31 20 3E  
00.000AC9r 0  3D 20 31 20  
00.000ACDr 0  A9 6F        >  lda #DEFAULT_COLOR
00.000ACFr 0  85 rr        >  sta CURRENT_COLOR
00.000AD1r 0               >  load16 DISPLAY_PTR, test_string
00.000AD1r 0  A9 rr        >>  LDA #<IMM
00.000AD3r 0  85 rr        >>  STA PTR
00.000AD5r 0  A9 rr        >>  LDA #>IMM
00.000AD7r 0  85 rr        >>  STA PTR + 1
00.000AD9r 0  20 rr rr     >  jsr DISPLAY_PSTRING
00.000ADCr 0  A9 01        >  lda #val1
00.000ADEr 0  C9 01        >  cmp #val2
00.000AE0r 0               >  macroopcode did_branch
00.000AE0r 0  B0 1E        >>  BCS target
00.000AE2r 0  A9 01        >  lda #expected_taken
00.000AE4r 0  F0 09        >  beq not_taken_ok
00.000AE6r 0               >  mark_branch_test_failed
00.000AE6r 0  A9 A3        >>  lda #TEST_FAIL_COLOR
00.000AE8r 0  85 rr        >>  sta CURRENT_COLOR
00.000AEAr 0  A9 01        >>  lda #1
00.000AECr 0  8D rr rr     >>  sta fail_flag
00.000AEFr 0               >  load16 DISPLAY_PTR, test_branch_not_taken
00.000AEFr 0  A9 rr        >>  LDA #<IMM
00.000AF1r 0  85 rr        >>  STA PTR
00.000AF3r 0  A9 rr        >>  LDA #>IMM
00.000AF5r 0  85 rr        >>  STA PTR + 1
00.000AF7r 0  20 rr rr     >  jsr DISPLAY_PSTRING
00.000AFAr 0  20 rr rr     >  jsr DISPLAY_NEXT_LINE
00.000AFDr 0  4C rr rr     >  jmp test_done
00.000B00r 0  A9 01        >  lda #expected_taken
00.000B02r 0  D0 09        >  bne taken_ok
00.000B04r 0               >  mark_branch_test_failed
00.000B04r 0  A9 A3        >>  lda #TEST_FAIL_COLOR
00.000B06r 0  85 rr        >>  sta CURRENT_COLOR
00.000B08r 0  A9 01        >>  lda #1
00.000B0Ar 0  8D rr rr     >>  sta fail_flag
00.000B0Dr 0               >  load16 DISPLAY_PTR, test_branch_taken
00.000B0Dr 0  A9 rr        >>  LDA #<IMM
00.000B0Fr 0  85 rr        >>  STA PTR
00.000B11r 0  A9 rr        >>  LDA #>IMM
00.000B13r 0  85 rr        >>  STA PTR + 1
00.000B15r 0  20 rr rr     >  jsr DISPLAY_PSTRING
00.000B18r 0  20 rr rr     >  jsr DISPLAY_NEXT_LINE
00.000B1Br 0  AD rr rr     >  lda fail_flag
00.000B1Er 0  F0 03        >  beq exit2
00.000B20r 0  4C rr rr     >  jmp freeze_it
00.000B23r 0               > exit2:
00.000B23r 2                   create_branch_test "BGE 0 >= 1 ", bge, $00, $01, BRANCH_NOT_TAKEN
00.000B23r 0  4C rr rr     >  jmp test_start
00.000B26r 0               >  pstring test_name
00.000B26r 0  0B 42 47 45  >>  .BYTE .STRLEN(str), str
00.000B2Ar 0  20 30 20 3E  
00.000B2Er 0  3D 20 31 20  
00.000B32r 0  A9 6F        >  lda #DEFAULT_COLOR
00.000B34r 0  85 rr        >  sta CURRENT_COLOR
00.000B36r 0               >  load16 DISPLAY_PTR, test_string
00.000B36r 0  A9 rr        >>  LDA #<IMM
00.000B38r 0  85 rr        >>  STA PTR
00.000B3Ar 0  A9 rr        >>  LDA #>IMM
00.000B3Cr 0  85 rr        >>  STA PTR + 1
00.000B3Er 0  20 rr rr     >  jsr DISPLAY_PSTRING
00.000B41r 0  A9 00        >  lda #val1
00.000B43r 0  C9 01        >  cmp #val2
00.000B45r 0               >  macroopcode did_branch
00.000B45r 0  B0 1E        >>  BCS target
00.000B47r 0  A9 00        >  lda #expected_taken
00.000B49r 0  F0 09        >  beq not_taken_ok
00.000B4Br 0               >  mark_branch_test_failed
00.000B4Br 0  A9 A3        >>  lda #TEST_FAIL_COLOR
00.000B4Dr 0  85 rr        >>  sta CURRENT_COLOR
00.000B4Fr 0  A9 01        >>  lda #1
00.000B51r 0  8D rr rr     >>  sta fail_flag
00.000B54r 0               >  load16 DISPLAY_PTR, test_branch_not_taken
00.000B54r 0  A9 rr        >>  LDA #<IMM
00.000B56r 0  85 rr        >>  STA PTR
00.000B58r 0  A9 rr        >>  LDA #>IMM
00.000B5Ar 0  85 rr        >>  STA PTR + 1
00.000B5Cr 0  20 rr rr     >  jsr DISPLAY_PSTRING
00.000B5Fr 0  20 rr rr     >  jsr DISPLAY_NEXT_LINE
00.000B62r 0  4C rr rr     >  jmp test_done
00.000B65r 0  A9 00        >  lda #expected_taken
00.000B67r 0  D0 09        >  bne taken_ok
00.000B69r 0               >  mark_branch_test_failed
00.000B69r 0  A9 A3        >>  lda #TEST_FAIL_COLOR
00.000B6Br 0  85 rr        >>  sta CURRENT_COLOR
00.000B6Dr 0  A9 01        >>  lda #1
00.000B6Fr 0  8D rr rr     >>  sta fail_flag
00.000B72r 0               >  load16 DISPLAY_PTR, test_branch_taken
00.000B72r 0  A9 rr        >>  LDA #<IMM
00.000B74r 0  85 rr        >>  STA PTR
00.000B76r 0  A9 rr        >>  LDA #>IMM
00.000B78r 0  85 rr        >>  STA PTR + 1
00.000B7Ar 0  20 rr rr     >  jsr DISPLAY_PSTRING
00.000B7Dr 0  20 rr rr     >  jsr DISPLAY_NEXT_LINE
00.000B80r 0  AD rr rr     >  lda fail_flag
00.000B83r 0  F0 03        >  beq exit2
00.000B85r 0  4C rr rr     >  jmp freeze_it
00.000B88r 0               > exit2:
00.000B88r 2               
00.000B88r 2                   ; Unsigned greater than
00.000B88r 2                   create_branch_test "BGT 2 > 1  ", bgt, $02, $01, BRANCH_TAKEN
00.000B88r 0  4C rr rr     >  jmp test_start
00.000B8Br 0               >  pstring test_name
00.000B8Br 0  0B 42 47 54  >>  .BYTE .STRLEN(str), str
00.000B8Fr 0  20 32 20 3E  
00.000B93r 0  20 31 20 20  
00.000B97r 0  A9 6F        >  lda #DEFAULT_COLOR
00.000B99r 0  85 rr        >  sta CURRENT_COLOR
00.000B9Br 0               >  load16 DISPLAY_PTR, test_string
00.000B9Br 0  A9 rr        >>  LDA #<IMM
00.000B9Dr 0  85 rr        >>  STA PTR
00.000B9Fr 0  A9 rr        >>  LDA #>IMM
00.000BA1r 0  85 rr        >>  STA PTR + 1
00.000BA3r 0  20 rr rr     >  jsr DISPLAY_PSTRING
00.000BA6r 0  A9 02        >  lda #val1
00.000BA8r 0  C9 01        >  cmp #val2
00.000BAAr 0               >  macroopcode did_branch
00.000BAAr 0  F0 02        >>  BEQ @skip
00.000BACr 0  B0 1E        >>  BCS target
00.000BAEr 0  A9 01        >  lda #expected_taken
00.000BB0r 0  F0 09        >  beq not_taken_ok
00.000BB2r 0               >  mark_branch_test_failed
00.000BB2r 0  A9 A3        >>  lda #TEST_FAIL_COLOR
00.000BB4r 0  85 rr        >>  sta CURRENT_COLOR
00.000BB6r 0  A9 01        >>  lda #1
00.000BB8r 0  8D rr rr     >>  sta fail_flag
00.000BBBr 0               >  load16 DISPLAY_PTR, test_branch_not_taken
00.000BBBr 0  A9 rr        >>  LDA #<IMM
00.000BBDr 0  85 rr        >>  STA PTR
00.000BBFr 0  A9 rr        >>  LDA #>IMM
00.000BC1r 0  85 rr        >>  STA PTR + 1
00.000BC3r 0  20 rr rr     >  jsr DISPLAY_PSTRING
00.000BC6r 0  20 rr rr     >  jsr DISPLAY_NEXT_LINE
00.000BC9r 0  4C rr rr     >  jmp test_done
00.000BCCr 0  A9 01        >  lda #expected_taken
00.000BCEr 0  D0 09        >  bne taken_ok
00.000BD0r 0               >  mark_branch_test_failed
00.000BD0r 0  A9 A3        >>  lda #TEST_FAIL_COLOR
00.000BD2r 0  85 rr        >>  sta CURRENT_COLOR
00.000BD4r 0  A9 01        >>  lda #1
00.000BD6r 0  8D rr rr     >>  sta fail_flag
00.000BD9r 0               >  load16 DISPLAY_PTR, test_branch_taken
00.000BD9r 0  A9 rr        >>  LDA #<IMM
00.000BDBr 0  85 rr        >>  STA PTR
00.000BDDr 0  A9 rr        >>  LDA #>IMM
00.000BDFr 0  85 rr        >>  STA PTR + 1
00.000BE1r 0  20 rr rr     >  jsr DISPLAY_PSTRING
00.000BE4r 0  20 rr rr     >  jsr DISPLAY_NEXT_LINE
00.000BE7r 0  AD rr rr     >  lda fail_flag
00.000BEAr 0  F0 03        >  beq exit2
00.000BECr 0  4C rr rr     >  jmp freeze_it
00.000BEFr 0               > exit2:
00.000BEFr 2                   create_branch_test "BGT 1 > 1  ", bgt, $01, $01, BRANCH_NOT_TAKEN
00.000BEFr 0  4C rr rr     >  jmp test_start
00.000BF2r 0               >  pstring test_name
00.000BF2r 0  0B 42 47 54  >>  .BYTE .STRLEN(str), str
00.000BF6r 0  20 31 20 3E  
00.000BFAr 0  20 31 20 20  
00.000BFEr 0  A9 6F        >  lda #DEFAULT_COLOR
00.000C00r 0  85 rr        >  sta CURRENT_COLOR
00.000C02r 0               >  load16 DISPLAY_PTR, test_string
00.000C02r 0  A9 rr        >>  LDA #<IMM
00.000C04r 0  85 rr        >>  STA PTR
00.000C06r 0  A9 rr        >>  LDA #>IMM
00.000C08r 0  85 rr        >>  STA PTR + 1
00.000C0Ar 0  20 rr rr     >  jsr DISPLAY_PSTRING
00.000C0Dr 0  A9 01        >  lda #val1
00.000C0Fr 0  C9 01        >  cmp #val2
00.000C11r 0               >  macroopcode did_branch
00.000C11r 0  F0 02        >>  BEQ @skip
00.000C13r 0  B0 1E        >>  BCS target
00.000C15r 0  A9 00        >  lda #expected_taken
00.000C17r 0  F0 09        >  beq not_taken_ok
00.000C19r 0               >  mark_branch_test_failed
00.000C19r 0  A9 A3        >>  lda #TEST_FAIL_COLOR
00.000C1Br 0  85 rr        >>  sta CURRENT_COLOR
00.000C1Dr 0  A9 01        >>  lda #1
00.000C1Fr 0  8D rr rr     >>  sta fail_flag
00.000C22r 0               >  load16 DISPLAY_PTR, test_branch_not_taken
00.000C22r 0  A9 rr        >>  LDA #<IMM
00.000C24r 0  85 rr        >>  STA PTR
00.000C26r 0  A9 rr        >>  LDA #>IMM
00.000C28r 0  85 rr        >>  STA PTR + 1
00.000C2Ar 0  20 rr rr     >  jsr DISPLAY_PSTRING
00.000C2Dr 0  20 rr rr     >  jsr DISPLAY_NEXT_LINE
00.000C30r 0  4C rr rr     >  jmp test_done
00.000C33r 0  A9 00        >  lda #expected_taken
00.000C35r 0  D0 09        >  bne taken_ok
00.000C37r 0               >  mark_branch_test_failed
00.000C37r 0  A9 A3        >>  lda #TEST_FAIL_COLOR
00.000C39r 0  85 rr        >>  sta CURRENT_COLOR
00.000C3Br 0  A9 01        >>  lda #1
00.000C3Dr 0  8D rr rr     >>  sta fail_flag
00.000C40r 0               >  load16 DISPLAY_PTR, test_branch_taken
00.000C40r 0  A9 rr        >>  LDA #<IMM
00.000C42r 0  85 rr        >>  STA PTR
00.000C44r 0  A9 rr        >>  LDA #>IMM
00.000C46r 0  85 rr        >>  STA PTR + 1
00.000C48r 0  20 rr rr     >  jsr DISPLAY_PSTRING
00.000C4Br 0  20 rr rr     >  jsr DISPLAY_NEXT_LINE
00.000C4Er 0  AD rr rr     >  lda fail_flag
00.000C51r 0  F0 03        >  beq exit2
00.000C53r 0  4C rr rr     >  jmp freeze_it
00.000C56r 0               > exit2:
00.000C56r 2                   create_branch_test "BGT 0 > 1  ", bgt, $00, $01, BRANCH_NOT_TAKEN
00.000C56r 0  4C rr rr     >  jmp test_start
00.000C59r 0               >  pstring test_name
00.000C59r 0  0B 42 47 54  >>  .BYTE .STRLEN(str), str
00.000C5Dr 0  20 30 20 3E  
00.000C61r 0  20 31 20 20  
00.000C65r 0  A9 6F        >  lda #DEFAULT_COLOR
00.000C67r 0  85 rr        >  sta CURRENT_COLOR
00.000C69r 0               >  load16 DISPLAY_PTR, test_string
00.000C69r 0  A9 rr        >>  LDA #<IMM
00.000C6Br 0  85 rr        >>  STA PTR
00.000C6Dr 0  A9 rr        >>  LDA #>IMM
00.000C6Fr 0  85 rr        >>  STA PTR + 1
00.000C71r 0  20 rr rr     >  jsr DISPLAY_PSTRING
00.000C74r 0  A9 00        >  lda #val1
00.000C76r 0  C9 01        >  cmp #val2
00.000C78r 0               >  macroopcode did_branch
00.000C78r 0  F0 02        >>  BEQ @skip
00.000C7Ar 0  B0 1E        >>  BCS target
00.000C7Cr 0  A9 00        >  lda #expected_taken
00.000C7Er 0  F0 09        >  beq not_taken_ok
00.000C80r 0               >  mark_branch_test_failed
00.000C80r 0  A9 A3        >>  lda #TEST_FAIL_COLOR
00.000C82r 0  85 rr        >>  sta CURRENT_COLOR
00.000C84r 0  A9 01        >>  lda #1
00.000C86r 0  8D rr rr     >>  sta fail_flag
00.000C89r 0               >  load16 DISPLAY_PTR, test_branch_not_taken
00.000C89r 0  A9 rr        >>  LDA #<IMM
00.000C8Br 0  85 rr        >>  STA PTR
00.000C8Dr 0  A9 rr        >>  LDA #>IMM
00.000C8Fr 0  85 rr        >>  STA PTR + 1
00.000C91r 0  20 rr rr     >  jsr DISPLAY_PSTRING
00.000C94r 0  20 rr rr     >  jsr DISPLAY_NEXT_LINE
00.000C97r 0  4C rr rr     >  jmp test_done
00.000C9Ar 0  A9 00        >  lda #expected_taken
00.000C9Cr 0  D0 09        >  bne taken_ok
00.000C9Er 0               >  mark_branch_test_failed
00.000C9Er 0  A9 A3        >>  lda #TEST_FAIL_COLOR
00.000CA0r 0  85 rr        >>  sta CURRENT_COLOR
00.000CA2r 0  A9 01        >>  lda #1
00.000CA4r 0  8D rr rr     >>  sta fail_flag
00.000CA7r 0               >  load16 DISPLAY_PTR, test_branch_taken
00.000CA7r 0  A9 rr        >>  LDA #<IMM
00.000CA9r 0  85 rr        >>  STA PTR
00.000CABr 0  A9 rr        >>  LDA #>IMM
00.000CADr 0  85 rr        >>  STA PTR + 1
00.000CAFr 0  20 rr rr     >  jsr DISPLAY_PSTRING
00.000CB2r 0  20 rr rr     >  jsr DISPLAY_NEXT_LINE
00.000CB5r 0  AD rr rr     >  lda fail_flag
00.000CB8r 0  F0 03        >  beq exit2
00.000CBAr 0  4C rr rr     >  jmp freeze_it
00.000CBDr 0               > exit2:
00.000CBDr 2               
00.000CBDr 2                   ; Unsigned less than or equal
00.000CBDr 2                   create_branch_test "BLE 0 <= 1 ", ble, $00, $01, BRANCH_TAKEN
00.000CBDr 0  4C rr rr     >  jmp test_start
00.000CC0r 0               >  pstring test_name
00.000CC0r 0  0B 42 4C 45  >>  .BYTE .STRLEN(str), str
00.000CC4r 0  20 30 20 3C  
00.000CC8r 0  3D 20 31 20  
00.000CCCr 0  A9 6F        >  lda #DEFAULT_COLOR
00.000CCEr 0  85 rr        >  sta CURRENT_COLOR
00.000CD0r 0               >  load16 DISPLAY_PTR, test_string
00.000CD0r 0  A9 rr        >>  LDA #<IMM
00.000CD2r 0  85 rr        >>  STA PTR
00.000CD4r 0  A9 rr        >>  LDA #>IMM
00.000CD6r 0  85 rr        >>  STA PTR + 1
00.000CD8r 0  20 rr rr     >  jsr DISPLAY_PSTRING
00.000CDBr 0  A9 00        >  lda #val1
00.000CDDr 0  C9 01        >  cmp #val2
00.000CDFr 0               >  macroopcode did_branch
00.000CDFr 0  F0 20        >>  BEQ target
00.000CE1r 0  90 1E        >>  BCC target
00.000CE3r 0  A9 01        >  lda #expected_taken
00.000CE5r 0  F0 09        >  beq not_taken_ok
00.000CE7r 0               >  mark_branch_test_failed
00.000CE7r 0  A9 A3        >>  lda #TEST_FAIL_COLOR
00.000CE9r 0  85 rr        >>  sta CURRENT_COLOR
00.000CEBr 0  A9 01        >>  lda #1
00.000CEDr 0  8D rr rr     >>  sta fail_flag
00.000CF0r 0               >  load16 DISPLAY_PTR, test_branch_not_taken
00.000CF0r 0  A9 rr        >>  LDA #<IMM
00.000CF2r 0  85 rr        >>  STA PTR
00.000CF4r 0  A9 rr        >>  LDA #>IMM
00.000CF6r 0  85 rr        >>  STA PTR + 1
00.000CF8r 0  20 rr rr     >  jsr DISPLAY_PSTRING
00.000CFBr 0  20 rr rr     >  jsr DISPLAY_NEXT_LINE
00.000CFEr 0  4C rr rr     >  jmp test_done
00.000D01r 0  A9 01        >  lda #expected_taken
00.000D03r 0  D0 09        >  bne taken_ok
00.000D05r 0               >  mark_branch_test_failed
00.000D05r 0  A9 A3        >>  lda #TEST_FAIL_COLOR
00.000D07r 0  85 rr        >>  sta CURRENT_COLOR
00.000D09r 0  A9 01        >>  lda #1
00.000D0Br 0  8D rr rr     >>  sta fail_flag
00.000D0Er 0               >  load16 DISPLAY_PTR, test_branch_taken
00.000D0Er 0  A9 rr        >>  LDA #<IMM
00.000D10r 0  85 rr        >>  STA PTR
00.000D12r 0  A9 rr        >>  LDA #>IMM
00.000D14r 0  85 rr        >>  STA PTR + 1
00.000D16r 0  20 rr rr     >  jsr DISPLAY_PSTRING
00.000D19r 0  20 rr rr     >  jsr DISPLAY_NEXT_LINE
00.000D1Cr 0  AD rr rr     >  lda fail_flag
00.000D1Fr 0  F0 03        >  beq exit2
00.000D21r 0  4C rr rr     >  jmp freeze_it
00.000D24r 0               > exit2:
00.000D24r 2                   create_branch_test "BLE 1 <= 1 ", ble, $01, $01, BRANCH_TAKEN
00.000D24r 0  4C rr rr     >  jmp test_start
00.000D27r 0               >  pstring test_name
00.000D27r 0  0B 42 4C 45  >>  .BYTE .STRLEN(str), str
00.000D2Br 0  20 31 20 3C  
00.000D2Fr 0  3D 20 31 20  
00.000D33r 0  A9 6F        >  lda #DEFAULT_COLOR
00.000D35r 0  85 rr        >  sta CURRENT_COLOR
00.000D37r 0               >  load16 DISPLAY_PTR, test_string
00.000D37r 0  A9 rr        >>  LDA #<IMM
00.000D39r 0  85 rr        >>  STA PTR
00.000D3Br 0  A9 rr        >>  LDA #>IMM
00.000D3Dr 0  85 rr        >>  STA PTR + 1
00.000D3Fr 0  20 rr rr     >  jsr DISPLAY_PSTRING
00.000D42r 0  A9 01        >  lda #val1
00.000D44r 0  C9 01        >  cmp #val2
00.000D46r 0               >  macroopcode did_branch
00.000D46r 0  F0 20        >>  BEQ target
00.000D48r 0  90 1E        >>  BCC target
00.000D4Ar 0  A9 01        >  lda #expected_taken
00.000D4Cr 0  F0 09        >  beq not_taken_ok
00.000D4Er 0               >  mark_branch_test_failed
00.000D4Er 0  A9 A3        >>  lda #TEST_FAIL_COLOR
00.000D50r 0  85 rr        >>  sta CURRENT_COLOR
00.000D52r 0  A9 01        >>  lda #1
00.000D54r 0  8D rr rr     >>  sta fail_flag
00.000D57r 0               >  load16 DISPLAY_PTR, test_branch_not_taken
00.000D57r 0  A9 rr        >>  LDA #<IMM
00.000D59r 0  85 rr        >>  STA PTR
00.000D5Br 0  A9 rr        >>  LDA #>IMM
00.000D5Dr 0  85 rr        >>  STA PTR + 1
00.000D5Fr 0  20 rr rr     >  jsr DISPLAY_PSTRING
00.000D62r 0  20 rr rr     >  jsr DISPLAY_NEXT_LINE
00.000D65r 0  4C rr rr     >  jmp test_done
00.000D68r 0  A9 01        >  lda #expected_taken
00.000D6Ar 0  D0 09        >  bne taken_ok
00.000D6Cr 0               >  mark_branch_test_failed
00.000D6Cr 0  A9 A3        >>  lda #TEST_FAIL_COLOR
00.000D6Er 0  85 rr        >>  sta CURRENT_COLOR
00.000D70r 0  A9 01        >>  lda #1
00.000D72r 0  8D rr rr     >>  sta fail_flag
00.000D75r 0               >  load16 DISPLAY_PTR, test_branch_taken
00.000D75r 0  A9 rr        >>  LDA #<IMM
00.000D77r 0  85 rr        >>  STA PTR
00.000D79r 0  A9 rr        >>  LDA #>IMM
00.000D7Br 0  85 rr        >>  STA PTR + 1
00.000D7Dr 0  20 rr rr     >  jsr DISPLAY_PSTRING
00.000D80r 0  20 rr rr     >  jsr DISPLAY_NEXT_LINE
00.000D83r 0  AD rr rr     >  lda fail_flag
00.000D86r 0  F0 03        >  beq exit2
00.000D88r 0  4C rr rr     >  jmp freeze_it
00.000D8Br 0               > exit2:
00.000D8Br 2                   create_branch_test "BLE 2 <= 1 ", ble, $02, $01, BRANCH_NOT_TAKEN
00.000D8Br 0  4C rr rr     >  jmp test_start
00.000D8Er 0               >  pstring test_name
00.000D8Er 0  0B 42 4C 45  >>  .BYTE .STRLEN(str), str
00.000D92r 0  20 32 20 3C  
00.000D96r 0  3D 20 31 20  
00.000D9Ar 0  A9 6F        >  lda #DEFAULT_COLOR
00.000D9Cr 0  85 rr        >  sta CURRENT_COLOR
00.000D9Er 0               >  load16 DISPLAY_PTR, test_string
00.000D9Er 0  A9 rr        >>  LDA #<IMM
00.000DA0r 0  85 rr        >>  STA PTR
00.000DA2r 0  A9 rr        >>  LDA #>IMM
00.000DA4r 0  85 rr        >>  STA PTR + 1
00.000DA6r 0  20 rr rr     >  jsr DISPLAY_PSTRING
00.000DA9r 0  A9 02        >  lda #val1
00.000DABr 0  C9 01        >  cmp #val2
00.000DADr 0               >  macroopcode did_branch
00.000DADr 0  F0 20        >>  BEQ target
00.000DAFr 0  90 1E        >>  BCC target
00.000DB1r 0  A9 00        >  lda #expected_taken
00.000DB3r 0  F0 09        >  beq not_taken_ok
00.000DB5r 0               >  mark_branch_test_failed
00.000DB5r 0  A9 A3        >>  lda #TEST_FAIL_COLOR
00.000DB7r 0  85 rr        >>  sta CURRENT_COLOR
00.000DB9r 0  A9 01        >>  lda #1
00.000DBBr 0  8D rr rr     >>  sta fail_flag
00.000DBEr 0               >  load16 DISPLAY_PTR, test_branch_not_taken
00.000DBEr 0  A9 rr        >>  LDA #<IMM
00.000DC0r 0  85 rr        >>  STA PTR
00.000DC2r 0  A9 rr        >>  LDA #>IMM
00.000DC4r 0  85 rr        >>  STA PTR + 1
00.000DC6r 0  20 rr rr     >  jsr DISPLAY_PSTRING
00.000DC9r 0  20 rr rr     >  jsr DISPLAY_NEXT_LINE
00.000DCCr 0  4C rr rr     >  jmp test_done
00.000DCFr 0  A9 00        >  lda #expected_taken
00.000DD1r 0  D0 09        >  bne taken_ok
00.000DD3r 0               >  mark_branch_test_failed
00.000DD3r 0  A9 A3        >>  lda #TEST_FAIL_COLOR
00.000DD5r 0  85 rr        >>  sta CURRENT_COLOR
00.000DD7r 0  A9 01        >>  lda #1
00.000DD9r 0  8D rr rr     >>  sta fail_flag
00.000DDCr 0               >  load16 DISPLAY_PTR, test_branch_taken
00.000DDCr 0  A9 rr        >>  LDA #<IMM
00.000DDEr 0  85 rr        >>  STA PTR
00.000DE0r 0  A9 rr        >>  LDA #>IMM
00.000DE2r 0  85 rr        >>  STA PTR + 1
00.000DE4r 0  20 rr rr     >  jsr DISPLAY_PSTRING
00.000DE7r 0  20 rr rr     >  jsr DISPLAY_NEXT_LINE
00.000DEAr 0  AD rr rr     >  lda fail_flag
00.000DEDr 0  F0 03        >  beq exit2
00.000DEFr 0  4C rr rr     >  jmp freeze_it
00.000DF2r 0               > exit2:
00.000DF2r 2               
00.000DF2r 2               
00.000DF2r 2                   ; ========================================================================
00.000DF2r 2                   ; 2. SIGNED CONDITIONAL BRANCHES
00.000DF2r 2                   ; ========================================================================
00.000DF2r 2                   ;
00.000DF2r 2                   ; Signed byte values:
00.000DF2r 2                   ;   $00 =    0
00.000DF2r 2                   ;   $01 =    1
00.000DF2r 2                   ;   $7F =  127
00.000DF2r 2                   ;   $80 = -128
00.000DF2r 2                   ;   $FF =   -1
00.000DF2r 2                   ;
00.000DF2r 2               
00.000DF2r 2                   ; Signed greater than or equal
00.000DF2r 2                   create_signed_branch_test "SBGE 0 >= 0   ", sbge, $00, $00, BRANCH_TAKEN
00.000DF2r 0  4C rr rr     >  jmp test_start
00.000DF5r 0               >  pstring test_name
00.000DF5r 0  0E 53 42 47  >>  .BYTE .STRLEN(str), str
00.000DF9r 0  45 20 30 20  
00.000DFDr 0  3E 3D 20 30  
00.000E01r 0  20 20 20     
00.000E04r 0  A9 6F        >  lda #DEFAULT_COLOR
00.000E06r 0  85 rr        >  sta CURRENT_COLOR
00.000E08r 0               >  load16 DISPLAY_PTR, test_string
00.000E08r 0  A9 rr        >>  LDA #<IMM
00.000E0Ar 0  85 rr        >>  STA PTR
00.000E0Cr 0  A9 rr        >>  LDA #>IMM
00.000E0Er 0  85 rr        >>  STA PTR + 1
00.000E10r 0  20 rr rr     >  jsr DISPLAY_PSTRING
00.000E13r 0  D8           >  cld
00.000E14r 0  38           >  sec
00.000E15r 0  A9 00        >  lda #signed_lhs
00.000E17r 0  E9 00        >  sbc #signed_rhs
00.000E19r 0               >  macroopcode did_branch
00.000E19r 0  50 04        >>  BVC @no_overflow
00.000E1Br 0  30 22        >>  BMI target
00.000E1Dr 0  10 02        >>  BPL @done
00.000E1Fr 0  10 1E        >>  BPL target
00.000E21r 0  A9 01        >  lda #expected_taken
00.000E23r 0  F0 09        >  beq not_taken_ok
00.000E25r 0               >  mark_branch_test_failed
00.000E25r 0  A9 A3        >>  lda #TEST_FAIL_COLOR
00.000E27r 0  85 rr        >>  sta CURRENT_COLOR
00.000E29r 0  A9 01        >>  lda #1
00.000E2Br 0  8D rr rr     >>  sta fail_flag
00.000E2Er 0               >  load16 DISPLAY_PTR, test_branch_not_taken
00.000E2Er 0  A9 rr        >>  LDA #<IMM
00.000E30r 0  85 rr        >>  STA PTR
00.000E32r 0  A9 rr        >>  LDA #>IMM
00.000E34r 0  85 rr        >>  STA PTR + 1
00.000E36r 0  20 rr rr     >  jsr DISPLAY_PSTRING
00.000E39r 0  20 rr rr     >  jsr DISPLAY_NEXT_LINE
00.000E3Cr 0  4C rr rr     >  jmp test_done
00.000E3Fr 0  A9 01        >  lda #expected_taken
00.000E41r 0  D0 09        >  bne taken_ok
00.000E43r 0               >  mark_branch_test_failed
00.000E43r 0  A9 A3        >>  lda #TEST_FAIL_COLOR
00.000E45r 0  85 rr        >>  sta CURRENT_COLOR
00.000E47r 0  A9 01        >>  lda #1
00.000E49r 0  8D rr rr     >>  sta fail_flag
00.000E4Cr 0               >  load16 DISPLAY_PTR, test_branch_taken
00.000E4Cr 0  A9 rr        >>  LDA #<IMM
00.000E4Er 0  85 rr        >>  STA PTR
00.000E50r 0  A9 rr        >>  LDA #>IMM
00.000E52r 0  85 rr        >>  STA PTR + 1
00.000E54r 0  20 rr rr     >  jsr DISPLAY_PSTRING
00.000E57r 0  20 rr rr     >  jsr DISPLAY_NEXT_LINE
00.000E5Ar 0  AD rr rr     >  lda fail_flag
00.000E5Dr 0  F0 03        >  beq exit2
00.000E5Fr 0  4C rr rr     >  jmp freeze_it
00.000E62r 0               > exit2:
00.000E62r 2                   create_signed_branch_test "SBGE 1 >= -1  ", sbge, $01, $FF, BRANCH_TAKEN
00.000E62r 0  4C rr rr     >  jmp test_start
00.000E65r 0               >  pstring test_name
00.000E65r 0  0E 53 42 47  >>  .BYTE .STRLEN(str), str
00.000E69r 0  45 20 31 20  
00.000E6Dr 0  3E 3D 20 2D  
00.000E71r 0  31 20 20     
00.000E74r 0  A9 6F        >  lda #DEFAULT_COLOR
00.000E76r 0  85 rr        >  sta CURRENT_COLOR
00.000E78r 0               >  load16 DISPLAY_PTR, test_string
00.000E78r 0  A9 rr        >>  LDA #<IMM
00.000E7Ar 0  85 rr        >>  STA PTR
00.000E7Cr 0  A9 rr        >>  LDA #>IMM
00.000E7Er 0  85 rr        >>  STA PTR + 1
00.000E80r 0  20 rr rr     >  jsr DISPLAY_PSTRING
00.000E83r 0  D8           >  cld
00.000E84r 0  38           >  sec
00.000E85r 0  A9 01        >  lda #signed_lhs
00.000E87r 0  E9 FF        >  sbc #signed_rhs
00.000E89r 0               >  macroopcode did_branch
00.000E89r 0  50 04        >>  BVC @no_overflow
00.000E8Br 0  30 22        >>  BMI target
00.000E8Dr 0  10 02        >>  BPL @done
00.000E8Fr 0  10 1E        >>  BPL target
00.000E91r 0  A9 01        >  lda #expected_taken
00.000E93r 0  F0 09        >  beq not_taken_ok
00.000E95r 0               >  mark_branch_test_failed
00.000E95r 0  A9 A3        >>  lda #TEST_FAIL_COLOR
00.000E97r 0  85 rr        >>  sta CURRENT_COLOR
00.000E99r 0  A9 01        >>  lda #1
00.000E9Br 0  8D rr rr     >>  sta fail_flag
00.000E9Er 0               >  load16 DISPLAY_PTR, test_branch_not_taken
00.000E9Er 0  A9 rr        >>  LDA #<IMM
00.000EA0r 0  85 rr        >>  STA PTR
00.000EA2r 0  A9 rr        >>  LDA #>IMM
00.000EA4r 0  85 rr        >>  STA PTR + 1
00.000EA6r 0  20 rr rr     >  jsr DISPLAY_PSTRING
00.000EA9r 0  20 rr rr     >  jsr DISPLAY_NEXT_LINE
00.000EACr 0  4C rr rr     >  jmp test_done
00.000EAFr 0  A9 01        >  lda #expected_taken
00.000EB1r 0  D0 09        >  bne taken_ok
00.000EB3r 0               >  mark_branch_test_failed
00.000EB3r 0  A9 A3        >>  lda #TEST_FAIL_COLOR
00.000EB5r 0  85 rr        >>  sta CURRENT_COLOR
00.000EB7r 0  A9 01        >>  lda #1
00.000EB9r 0  8D rr rr     >>  sta fail_flag
00.000EBCr 0               >  load16 DISPLAY_PTR, test_branch_taken
00.000EBCr 0  A9 rr        >>  LDA #<IMM
00.000EBEr 0  85 rr        >>  STA PTR
00.000EC0r 0  A9 rr        >>  LDA #>IMM
00.000EC2r 0  85 rr        >>  STA PTR + 1
00.000EC4r 0  20 rr rr     >  jsr DISPLAY_PSTRING
00.000EC7r 0  20 rr rr     >  jsr DISPLAY_NEXT_LINE
00.000ECAr 0  AD rr rr     >  lda fail_flag
00.000ECDr 0  F0 03        >  beq exit2
00.000ECFr 0  4C rr rr     >  jmp freeze_it
00.000ED2r 0               > exit2:
00.000ED2r 2                   create_signed_branch_test "SBGE -1 >= 1  ", sbge, $FF, $01, BRANCH_NOT_TAKEN
00.000ED2r 0  4C rr rr     >  jmp test_start
00.000ED5r 0               >  pstring test_name
00.000ED5r 0  0E 53 42 47  >>  .BYTE .STRLEN(str), str
00.000ED9r 0  45 20 2D 31  
00.000EDDr 0  20 3E 3D 20  
00.000EE1r 0  31 20 20     
00.000EE4r 0  A9 6F        >  lda #DEFAULT_COLOR
00.000EE6r 0  85 rr        >  sta CURRENT_COLOR
00.000EE8r 0               >  load16 DISPLAY_PTR, test_string
00.000EE8r 0  A9 rr        >>  LDA #<IMM
00.000EEAr 0  85 rr        >>  STA PTR
00.000EECr 0  A9 rr        >>  LDA #>IMM
00.000EEEr 0  85 rr        >>  STA PTR + 1
00.000EF0r 0  20 rr rr     >  jsr DISPLAY_PSTRING
00.000EF3r 0  D8           >  cld
00.000EF4r 0  38           >  sec
00.000EF5r 0  A9 FF        >  lda #signed_lhs
00.000EF7r 0  E9 01        >  sbc #signed_rhs
00.000EF9r 0               >  macroopcode did_branch
00.000EF9r 0  50 04        >>  BVC @no_overflow
00.000EFBr 0  30 22        >>  BMI target
00.000EFDr 0  10 02        >>  BPL @done
00.000EFFr 0  10 1E        >>  BPL target
00.000F01r 0  A9 00        >  lda #expected_taken
00.000F03r 0  F0 09        >  beq not_taken_ok
00.000F05r 0               >  mark_branch_test_failed
00.000F05r 0  A9 A3        >>  lda #TEST_FAIL_COLOR
00.000F07r 0  85 rr        >>  sta CURRENT_COLOR
00.000F09r 0  A9 01        >>  lda #1
00.000F0Br 0  8D rr rr     >>  sta fail_flag
00.000F0Er 0               >  load16 DISPLAY_PTR, test_branch_not_taken
00.000F0Er 0  A9 rr        >>  LDA #<IMM
00.000F10r 0  85 rr        >>  STA PTR
00.000F12r 0  A9 rr        >>  LDA #>IMM
00.000F14r 0  85 rr        >>  STA PTR + 1
00.000F16r 0  20 rr rr     >  jsr DISPLAY_PSTRING
00.000F19r 0  20 rr rr     >  jsr DISPLAY_NEXT_LINE
00.000F1Cr 0  4C rr rr     >  jmp test_done
00.000F1Fr 0  A9 00        >  lda #expected_taken
00.000F21r 0  D0 09        >  bne taken_ok
00.000F23r 0               >  mark_branch_test_failed
00.000F23r 0  A9 A3        >>  lda #TEST_FAIL_COLOR
00.000F25r 0  85 rr        >>  sta CURRENT_COLOR
00.000F27r 0  A9 01        >>  lda #1
00.000F29r 0  8D rr rr     >>  sta fail_flag
00.000F2Cr 0               >  load16 DISPLAY_PTR, test_branch_taken
00.000F2Cr 0  A9 rr        >>  LDA #<IMM
00.000F2Er 0  85 rr        >>  STA PTR
00.000F30r 0  A9 rr        >>  LDA #>IMM
00.000F32r 0  85 rr        >>  STA PTR + 1
00.000F34r 0  20 rr rr     >  jsr DISPLAY_PSTRING
00.000F37r 0  20 rr rr     >  jsr DISPLAY_NEXT_LINE
00.000F3Ar 0  AD rr rr     >  lda fail_flag
00.000F3Dr 0  F0 03        >  beq exit2
00.000F3Fr 0  4C rr rr     >  jmp freeze_it
00.000F42r 0               > exit2:
00.000F42r 2                   create_signed_branch_test "SBGE 127>=-128", sbge, $7F, $80, BRANCH_TAKEN
00.000F42r 0  4C rr rr     >  jmp test_start
00.000F45r 0               >  pstring test_name
00.000F45r 0  0E 53 42 47  >>  .BYTE .STRLEN(str), str
00.000F49r 0  45 20 31 32  
00.000F4Dr 0  37 3E 3D 2D  
00.000F51r 0  31 32 38     
00.000F54r 0  A9 6F        >  lda #DEFAULT_COLOR
00.000F56r 0  85 rr        >  sta CURRENT_COLOR
00.000F58r 0               >  load16 DISPLAY_PTR, test_string
00.000F58r 0  A9 rr        >>  LDA #<IMM
00.000F5Ar 0  85 rr        >>  STA PTR
00.000F5Cr 0  A9 rr        >>  LDA #>IMM
00.000F5Er 0  85 rr        >>  STA PTR + 1
00.000F60r 0  20 rr rr     >  jsr DISPLAY_PSTRING
00.000F63r 0  D8           >  cld
00.000F64r 0  38           >  sec
00.000F65r 0  A9 7F        >  lda #signed_lhs
00.000F67r 0  E9 80        >  sbc #signed_rhs
00.000F69r 0               >  macroopcode did_branch
00.000F69r 0  50 04        >>  BVC @no_overflow
00.000F6Br 0  30 22        >>  BMI target
00.000F6Dr 0  10 02        >>  BPL @done
00.000F6Fr 0  10 1E        >>  BPL target
00.000F71r 0  A9 01        >  lda #expected_taken
00.000F73r 0  F0 09        >  beq not_taken_ok
00.000F75r 0               >  mark_branch_test_failed
00.000F75r 0  A9 A3        >>  lda #TEST_FAIL_COLOR
00.000F77r 0  85 rr        >>  sta CURRENT_COLOR
00.000F79r 0  A9 01        >>  lda #1
00.000F7Br 0  8D rr rr     >>  sta fail_flag
00.000F7Er 0               >  load16 DISPLAY_PTR, test_branch_not_taken
00.000F7Er 0  A9 rr        >>  LDA #<IMM
00.000F80r 0  85 rr        >>  STA PTR
00.000F82r 0  A9 rr        >>  LDA #>IMM
00.000F84r 0  85 rr        >>  STA PTR + 1
00.000F86r 0  20 rr rr     >  jsr DISPLAY_PSTRING
00.000F89r 0  20 rr rr     >  jsr DISPLAY_NEXT_LINE
00.000F8Cr 0  4C rr rr     >  jmp test_done
00.000F8Fr 0  A9 01        >  lda #expected_taken
00.000F91r 0  D0 09        >  bne taken_ok
00.000F93r 0               >  mark_branch_test_failed
00.000F93r 0  A9 A3        >>  lda #TEST_FAIL_COLOR
00.000F95r 0  85 rr        >>  sta CURRENT_COLOR
00.000F97r 0  A9 01        >>  lda #1
00.000F99r 0  8D rr rr     >>  sta fail_flag
00.000F9Cr 0               >  load16 DISPLAY_PTR, test_branch_taken
00.000F9Cr 0  A9 rr        >>  LDA #<IMM
00.000F9Er 0  85 rr        >>  STA PTR
00.000FA0r 0  A9 rr        >>  LDA #>IMM
00.000FA2r 0  85 rr        >>  STA PTR + 1
00.000FA4r 0  20 rr rr     >  jsr DISPLAY_PSTRING
00.000FA7r 0  20 rr rr     >  jsr DISPLAY_NEXT_LINE
00.000FAAr 0  AD rr rr     >  lda fail_flag
00.000FADr 0  F0 03        >  beq exit2
00.000FAFr 0  4C rr rr     >  jmp freeze_it
00.000FB2r 0               > exit2:
00.000FB2r 2                   create_signed_branch_test "SBGE -128>=127", sbge, $80, $7F, BRANCH_NOT_TAKEN
00.000FB2r 0  4C rr rr     >  jmp test_start
00.000FB5r 0               >  pstring test_name
00.000FB5r 0  0E 53 42 47  >>  .BYTE .STRLEN(str), str
00.000FB9r 0  45 20 2D 31  
00.000FBDr 0  32 38 3E 3D  
00.000FC1r 0  31 32 37     
00.000FC4r 0  A9 6F        >  lda #DEFAULT_COLOR
00.000FC6r 0  85 rr        >  sta CURRENT_COLOR
00.000FC8r 0               >  load16 DISPLAY_PTR, test_string
00.000FC8r 0  A9 rr        >>  LDA #<IMM
00.000FCAr 0  85 rr        >>  STA PTR
00.000FCCr 0  A9 rr        >>  LDA #>IMM
00.000FCEr 0  85 rr        >>  STA PTR + 1
00.000FD0r 0  20 rr rr     >  jsr DISPLAY_PSTRING
00.000FD3r 0  D8           >  cld
00.000FD4r 0  38           >  sec
00.000FD5r 0  A9 80        >  lda #signed_lhs
00.000FD7r 0  E9 7F        >  sbc #signed_rhs
00.000FD9r 0               >  macroopcode did_branch
00.000FD9r 0  50 04        >>  BVC @no_overflow
00.000FDBr 0  30 22        >>  BMI target
00.000FDDr 0  10 02        >>  BPL @done
00.000FDFr 0  10 1E        >>  BPL target
00.000FE1r 0  A9 00        >  lda #expected_taken
00.000FE3r 0  F0 09        >  beq not_taken_ok
00.000FE5r 0               >  mark_branch_test_failed
00.000FE5r 0  A9 A3        >>  lda #TEST_FAIL_COLOR
00.000FE7r 0  85 rr        >>  sta CURRENT_COLOR
00.000FE9r 0  A9 01        >>  lda #1
00.000FEBr 0  8D rr rr     >>  sta fail_flag
00.000FEEr 0               >  load16 DISPLAY_PTR, test_branch_not_taken
00.000FEEr 0  A9 rr        >>  LDA #<IMM
00.000FF0r 0  85 rr        >>  STA PTR
00.000FF2r 0  A9 rr        >>  LDA #>IMM
00.000FF4r 0  85 rr        >>  STA PTR + 1
00.000FF6r 0  20 rr rr     >  jsr DISPLAY_PSTRING
00.000FF9r 0  20 rr rr     >  jsr DISPLAY_NEXT_LINE
00.000FFCr 0  4C rr rr     >  jmp test_done
00.000FFFr 0  A9 00        >  lda #expected_taken
00.001001r 0  D0 09        >  bne taken_ok
00.001003r 0               >  mark_branch_test_failed
00.001003r 0  A9 A3        >>  lda #TEST_FAIL_COLOR
00.001005r 0  85 rr        >>  sta CURRENT_COLOR
00.001007r 0  A9 01        >>  lda #1
00.001009r 0  8D rr rr     >>  sta fail_flag
00.00100Cr 0               >  load16 DISPLAY_PTR, test_branch_taken
00.00100Cr 0  A9 rr        >>  LDA #<IMM
00.00100Er 0  85 rr        >>  STA PTR
00.001010r 0  A9 rr        >>  LDA #>IMM
00.001012r 0  85 rr        >>  STA PTR + 1
00.001014r 0  20 rr rr     >  jsr DISPLAY_PSTRING
00.001017r 0  20 rr rr     >  jsr DISPLAY_NEXT_LINE
00.00101Ar 0  AD rr rr     >  lda fail_flag
00.00101Dr 0  F0 03        >  beq exit2
00.00101Fr 0  4C rr rr     >  jmp freeze_it
00.001022r 0               > exit2:
00.001022r 2               
00.001022r 2                   ; Signed less than
00.001022r 2                   create_signed_branch_test "SBLT -1 < 0   ", sblt, $FF, $00, BRANCH_TAKEN
00.001022r 0  4C rr rr     >  jmp test_start
00.001025r 0               >  pstring test_name
00.001025r 0  0E 53 42 4C  >>  .BYTE .STRLEN(str), str
00.001029r 0  54 20 2D 31  
00.00102Dr 0  20 3C 20 30  
00.001031r 0  20 20 20     
00.001034r 0  A9 6F        >  lda #DEFAULT_COLOR
00.001036r 0  85 rr        >  sta CURRENT_COLOR
00.001038r 0               >  load16 DISPLAY_PTR, test_string
00.001038r 0  A9 rr        >>  LDA #<IMM
00.00103Ar 0  85 rr        >>  STA PTR
00.00103Cr 0  A9 rr        >>  LDA #>IMM
00.00103Er 0  85 rr        >>  STA PTR + 1
00.001040r 0  20 rr rr     >  jsr DISPLAY_PSTRING
00.001043r 0  D8           >  cld
00.001044r 0  38           >  sec
00.001045r 0  A9 FF        >  lda #signed_lhs
00.001047r 0  E9 00        >  sbc #signed_rhs
00.001049r 0               >  macroopcode did_branch
00.001049r 0  50 04        >>  BVC @no_overflow
00.00104Br 0  10 22        >>  BPL target
00.00104Dr 0  30 02        >>  BMI @done
00.00104Fr 0  30 1E        >>  BMI target
00.001051r 0  A9 01        >  lda #expected_taken
00.001053r 0  F0 09        >  beq not_taken_ok
00.001055r 0               >  mark_branch_test_failed
00.001055r 0  A9 A3        >>  lda #TEST_FAIL_COLOR
00.001057r 0  85 rr        >>  sta CURRENT_COLOR
00.001059r 0  A9 01        >>  lda #1
00.00105Br 0  8D rr rr     >>  sta fail_flag
00.00105Er 0               >  load16 DISPLAY_PTR, test_branch_not_taken
00.00105Er 0  A9 rr        >>  LDA #<IMM
00.001060r 0  85 rr        >>  STA PTR
00.001062r 0  A9 rr        >>  LDA #>IMM
00.001064r 0  85 rr        >>  STA PTR + 1
00.001066r 0  20 rr rr     >  jsr DISPLAY_PSTRING
00.001069r 0  20 rr rr     >  jsr DISPLAY_NEXT_LINE
00.00106Cr 0  4C rr rr     >  jmp test_done
00.00106Fr 0  A9 01        >  lda #expected_taken
00.001071r 0  D0 09        >  bne taken_ok
00.001073r 0               >  mark_branch_test_failed
00.001073r 0  A9 A3        >>  lda #TEST_FAIL_COLOR
00.001075r 0  85 rr        >>  sta CURRENT_COLOR
00.001077r 0  A9 01        >>  lda #1
00.001079r 0  8D rr rr     >>  sta fail_flag
00.00107Cr 0               >  load16 DISPLAY_PTR, test_branch_taken
00.00107Cr 0  A9 rr        >>  LDA #<IMM
00.00107Er 0  85 rr        >>  STA PTR
00.001080r 0  A9 rr        >>  LDA #>IMM
00.001082r 0  85 rr        >>  STA PTR + 1
00.001084r 0  20 rr rr     >  jsr DISPLAY_PSTRING
00.001087r 0  20 rr rr     >  jsr DISPLAY_NEXT_LINE
00.00108Ar 0  AD rr rr     >  lda fail_flag
00.00108Dr 0  F0 03        >  beq exit2
00.00108Fr 0  4C rr rr     >  jmp freeze_it
00.001092r 0               > exit2:
00.001092r 2                   create_signed_branch_test "SBLT 0 < -1   ", sblt, $00, $FF, BRANCH_NOT_TAKEN
00.001092r 0  4C rr rr     >  jmp test_start
00.001095r 0               >  pstring test_name
00.001095r 0  0E 53 42 4C  >>  .BYTE .STRLEN(str), str
00.001099r 0  54 20 30 20  
00.00109Dr 0  3C 20 2D 31  
00.0010A1r 0  20 20 20     
00.0010A4r 0  A9 6F        >  lda #DEFAULT_COLOR
00.0010A6r 0  85 rr        >  sta CURRENT_COLOR
00.0010A8r 0               >  load16 DISPLAY_PTR, test_string
00.0010A8r 0  A9 rr        >>  LDA #<IMM
00.0010AAr 0  85 rr        >>  STA PTR
00.0010ACr 0  A9 rr        >>  LDA #>IMM
00.0010AEr 0  85 rr        >>  STA PTR + 1
00.0010B0r 0  20 rr rr     >  jsr DISPLAY_PSTRING
00.0010B3r 0  D8           >  cld
00.0010B4r 0  38           >  sec
00.0010B5r 0  A9 00        >  lda #signed_lhs
00.0010B7r 0  E9 FF        >  sbc #signed_rhs
00.0010B9r 0               >  macroopcode did_branch
00.0010B9r 0  50 04        >>  BVC @no_overflow
00.0010BBr 0  10 22        >>  BPL target
00.0010BDr 0  30 02        >>  BMI @done
00.0010BFr 0  30 1E        >>  BMI target
00.0010C1r 0  A9 00        >  lda #expected_taken
00.0010C3r 0  F0 09        >  beq not_taken_ok
00.0010C5r 0               >  mark_branch_test_failed
00.0010C5r 0  A9 A3        >>  lda #TEST_FAIL_COLOR
00.0010C7r 0  85 rr        >>  sta CURRENT_COLOR
00.0010C9r 0  A9 01        >>  lda #1
00.0010CBr 0  8D rr rr     >>  sta fail_flag
00.0010CEr 0               >  load16 DISPLAY_PTR, test_branch_not_taken
00.0010CEr 0  A9 rr        >>  LDA #<IMM
00.0010D0r 0  85 rr        >>  STA PTR
00.0010D2r 0  A9 rr        >>  LDA #>IMM
00.0010D4r 0  85 rr        >>  STA PTR + 1
00.0010D6r 0  20 rr rr     >  jsr DISPLAY_PSTRING
00.0010D9r 0  20 rr rr     >  jsr DISPLAY_NEXT_LINE
00.0010DCr 0  4C rr rr     >  jmp test_done
00.0010DFr 0  A9 00        >  lda #expected_taken
00.0010E1r 0  D0 09        >  bne taken_ok
00.0010E3r 0               >  mark_branch_test_failed
00.0010E3r 0  A9 A3        >>  lda #TEST_FAIL_COLOR
00.0010E5r 0  85 rr        >>  sta CURRENT_COLOR
00.0010E7r 0  A9 01        >>  lda #1
00.0010E9r 0  8D rr rr     >>  sta fail_flag
00.0010ECr 0               >  load16 DISPLAY_PTR, test_branch_taken
00.0010ECr 0  A9 rr        >>  LDA #<IMM
00.0010EEr 0  85 rr        >>  STA PTR
00.0010F0r 0  A9 rr        >>  LDA #>IMM
00.0010F2r 0  85 rr        >>  STA PTR + 1
00.0010F4r 0  20 rr rr     >  jsr DISPLAY_PSTRING
00.0010F7r 0  20 rr rr     >  jsr DISPLAY_NEXT_LINE
00.0010FAr 0  AD rr rr     >  lda fail_flag
00.0010FDr 0  F0 03        >  beq exit2
00.0010FFr 0  4C rr rr     >  jmp freeze_it
00.001102r 0               > exit2:
00.001102r 2                   create_signed_branch_test "SBLT 0 < 0    ", sblt, $00, $00, BRANCH_NOT_TAKEN
00.001102r 0  4C rr rr     >  jmp test_start
00.001105r 0               >  pstring test_name
00.001105r 0  0E 53 42 4C  >>  .BYTE .STRLEN(str), str
00.001109r 0  54 20 30 20  
00.00110Dr 0  3C 20 30 20  
00.001111r 0  20 20 20     
00.001114r 0  A9 6F        >  lda #DEFAULT_COLOR
00.001116r 0  85 rr        >  sta CURRENT_COLOR
00.001118r 0               >  load16 DISPLAY_PTR, test_string
00.001118r 0  A9 rr        >>  LDA #<IMM
00.00111Ar 0  85 rr        >>  STA PTR
00.00111Cr 0  A9 rr        >>  LDA #>IMM
00.00111Er 0  85 rr        >>  STA PTR + 1
00.001120r 0  20 rr rr     >  jsr DISPLAY_PSTRING
00.001123r 0  D8           >  cld
00.001124r 0  38           >  sec
00.001125r 0  A9 00        >  lda #signed_lhs
00.001127r 0  E9 00        >  sbc #signed_rhs
00.001129r 0               >  macroopcode did_branch
00.001129r 0  50 04        >>  BVC @no_overflow
00.00112Br 0  10 22        >>  BPL target
00.00112Dr 0  30 02        >>  BMI @done
00.00112Fr 0  30 1E        >>  BMI target
00.001131r 0  A9 00        >  lda #expected_taken
00.001133r 0  F0 09        >  beq not_taken_ok
00.001135r 0               >  mark_branch_test_failed
00.001135r 0  A9 A3        >>  lda #TEST_FAIL_COLOR
00.001137r 0  85 rr        >>  sta CURRENT_COLOR
00.001139r 0  A9 01        >>  lda #1
00.00113Br 0  8D rr rr     >>  sta fail_flag
00.00113Er 0               >  load16 DISPLAY_PTR, test_branch_not_taken
00.00113Er 0  A9 rr        >>  LDA #<IMM
00.001140r 0  85 rr        >>  STA PTR
00.001142r 0  A9 rr        >>  LDA #>IMM
00.001144r 0  85 rr        >>  STA PTR + 1
00.001146r 0  20 rr rr     >  jsr DISPLAY_PSTRING
00.001149r 0  20 rr rr     >  jsr DISPLAY_NEXT_LINE
00.00114Cr 0  4C rr rr     >  jmp test_done
00.00114Fr 0  A9 00        >  lda #expected_taken
00.001151r 0  D0 09        >  bne taken_ok
00.001153r 0               >  mark_branch_test_failed
00.001153r 0  A9 A3        >>  lda #TEST_FAIL_COLOR
00.001155r 0  85 rr        >>  sta CURRENT_COLOR
00.001157r 0  A9 01        >>  lda #1
00.001159r 0  8D rr rr     >>  sta fail_flag
00.00115Cr 0               >  load16 DISPLAY_PTR, test_branch_taken
00.00115Cr 0  A9 rr        >>  LDA #<IMM
00.00115Er 0  85 rr        >>  STA PTR
00.001160r 0  A9 rr        >>  LDA #>IMM
00.001162r 0  85 rr        >>  STA PTR + 1
00.001164r 0  20 rr rr     >  jsr DISPLAY_PSTRING
00.001167r 0  20 rr rr     >  jsr DISPLAY_NEXT_LINE
00.00116Ar 0  AD rr rr     >  lda fail_flag
00.00116Dr 0  F0 03        >  beq exit2
00.00116Fr 0  4C rr rr     >  jmp freeze_it
00.001172r 0               > exit2:
00.001172r 2                   create_signed_branch_test "SBLT -128<127 ", sblt, $80, $7F, BRANCH_TAKEN
00.001172r 0  4C rr rr     >  jmp test_start
00.001175r 0               >  pstring test_name
00.001175r 0  0E 53 42 4C  >>  .BYTE .STRLEN(str), str
00.001179r 0  54 20 2D 31  
00.00117Dr 0  32 38 3C 31  
00.001181r 0  32 37 20     
00.001184r 0  A9 6F        >  lda #DEFAULT_COLOR
00.001186r 0  85 rr        >  sta CURRENT_COLOR
00.001188r 0               >  load16 DISPLAY_PTR, test_string
00.001188r 0  A9 rr        >>  LDA #<IMM
00.00118Ar 0  85 rr        >>  STA PTR
00.00118Cr 0  A9 rr        >>  LDA #>IMM
00.00118Er 0  85 rr        >>  STA PTR + 1
00.001190r 0  20 rr rr     >  jsr DISPLAY_PSTRING
00.001193r 0  D8           >  cld
00.001194r 0  38           >  sec
00.001195r 0  A9 80        >  lda #signed_lhs
00.001197r 0  E9 7F        >  sbc #signed_rhs
00.001199r 0               >  macroopcode did_branch
00.001199r 0  50 04        >>  BVC @no_overflow
00.00119Br 0  10 22        >>  BPL target
00.00119Dr 0  30 02        >>  BMI @done
00.00119Fr 0  30 1E        >>  BMI target
00.0011A1r 0  A9 01        >  lda #expected_taken
00.0011A3r 0  F0 09        >  beq not_taken_ok
00.0011A5r 0               >  mark_branch_test_failed
00.0011A5r 0  A9 A3        >>  lda #TEST_FAIL_COLOR
00.0011A7r 0  85 rr        >>  sta CURRENT_COLOR
00.0011A9r 0  A9 01        >>  lda #1
00.0011ABr 0  8D rr rr     >>  sta fail_flag
00.0011AEr 0               >  load16 DISPLAY_PTR, test_branch_not_taken
00.0011AEr 0  A9 rr        >>  LDA #<IMM
00.0011B0r 0  85 rr        >>  STA PTR
00.0011B2r 0  A9 rr        >>  LDA #>IMM
00.0011B4r 0  85 rr        >>  STA PTR + 1
00.0011B6r 0  20 rr rr     >  jsr DISPLAY_PSTRING
00.0011B9r 0  20 rr rr     >  jsr DISPLAY_NEXT_LINE
00.0011BCr 0  4C rr rr     >  jmp test_done
00.0011BFr 0  A9 01        >  lda #expected_taken
00.0011C1r 0  D0 09        >  bne taken_ok
00.0011C3r 0               >  mark_branch_test_failed
00.0011C3r 0  A9 A3        >>  lda #TEST_FAIL_COLOR
00.0011C5r 0  85 rr        >>  sta CURRENT_COLOR
00.0011C7r 0  A9 01        >>  lda #1
00.0011C9r 0  8D rr rr     >>  sta fail_flag
00.0011CCr 0               >  load16 DISPLAY_PTR, test_branch_taken
00.0011CCr 0  A9 rr        >>  LDA #<IMM
00.0011CEr 0  85 rr        >>  STA PTR
00.0011D0r 0  A9 rr        >>  LDA #>IMM
00.0011D2r 0  85 rr        >>  STA PTR + 1
00.0011D4r 0  20 rr rr     >  jsr DISPLAY_PSTRING
00.0011D7r 0  20 rr rr     >  jsr DISPLAY_NEXT_LINE
00.0011DAr 0  AD rr rr     >  lda fail_flag
00.0011DDr 0  F0 03        >  beq exit2
00.0011DFr 0  4C rr rr     >  jmp freeze_it
00.0011E2r 0               > exit2:
00.0011E2r 2                   create_signed_branch_test "SBLT 127<-128 ", sblt, $7F, $80, BRANCH_NOT_TAKEN
00.0011E2r 0  4C rr rr     >  jmp test_start
00.0011E5r 0               >  pstring test_name
00.0011E5r 0  0E 53 42 4C  >>  .BYTE .STRLEN(str), str
00.0011E9r 0  54 20 31 32  
00.0011EDr 0  37 3C 2D 31  
00.0011F1r 0  32 38 20     
00.0011F4r 0  A9 6F        >  lda #DEFAULT_COLOR
00.0011F6r 0  85 rr        >  sta CURRENT_COLOR
00.0011F8r 0               >  load16 DISPLAY_PTR, test_string
00.0011F8r 0  A9 rr        >>  LDA #<IMM
00.0011FAr 0  85 rr        >>  STA PTR
00.0011FCr 0  A9 rr        >>  LDA #>IMM
00.0011FEr 0  85 rr        >>  STA PTR + 1
00.001200r 0  20 rr rr     >  jsr DISPLAY_PSTRING
00.001203r 0  D8           >  cld
00.001204r 0  38           >  sec
00.001205r 0  A9 7F        >  lda #signed_lhs
00.001207r 0  E9 80        >  sbc #signed_rhs
00.001209r 0               >  macroopcode did_branch
00.001209r 0  50 04        >>  BVC @no_overflow
00.00120Br 0  10 22        >>  BPL target
00.00120Dr 0  30 02        >>  BMI @done
00.00120Fr 0  30 1E        >>  BMI target
00.001211r 0  A9 00        >  lda #expected_taken
00.001213r 0  F0 09        >  beq not_taken_ok
00.001215r 0               >  mark_branch_test_failed
00.001215r 0  A9 A3        >>  lda #TEST_FAIL_COLOR
00.001217r 0  85 rr        >>  sta CURRENT_COLOR
00.001219r 0  A9 01        >>  lda #1
00.00121Br 0  8D rr rr     >>  sta fail_flag
00.00121Er 0               >  load16 DISPLAY_PTR, test_branch_not_taken
00.00121Er 0  A9 rr        >>  LDA #<IMM
00.001220r 0  85 rr        >>  STA PTR
00.001222r 0  A9 rr        >>  LDA #>IMM
00.001224r 0  85 rr        >>  STA PTR + 1
00.001226r 0  20 rr rr     >  jsr DISPLAY_PSTRING
00.001229r 0  20 rr rr     >  jsr DISPLAY_NEXT_LINE
00.00122Cr 0  4C rr rr     >  jmp test_done
00.00122Fr 0  A9 00        >  lda #expected_taken
00.001231r 0  D0 09        >  bne taken_ok
00.001233r 0               >  mark_branch_test_failed
00.001233r 0  A9 A3        >>  lda #TEST_FAIL_COLOR
00.001235r 0  85 rr        >>  sta CURRENT_COLOR
00.001237r 0  A9 01        >>  lda #1
00.001239r 0  8D rr rr     >>  sta fail_flag
00.00123Cr 0               >  load16 DISPLAY_PTR, test_branch_taken
00.00123Cr 0  A9 rr        >>  LDA #<IMM
00.00123Er 0  85 rr        >>  STA PTR
00.001240r 0  A9 rr        >>  LDA #>IMM
00.001242r 0  85 rr        >>  STA PTR + 1
00.001244r 0  20 rr rr     >  jsr DISPLAY_PSTRING
00.001247r 0  20 rr rr     >  jsr DISPLAY_NEXT_LINE
00.00124Ar 0  AD rr rr     >  lda fail_flag
00.00124Dr 0  F0 03        >  beq exit2
00.00124Fr 0  4C rr rr     >  jmp freeze_it
00.001252r 0               > exit2:
00.001252r 2               
00.001252r 2                   ; Signed less than or equal
00.001252r 2                   create_signed_branch_test "SBLE -1 <= 0  ", sble, $FF, $00, BRANCH_TAKEN
00.001252r 0  4C rr rr     >  jmp test_start
00.001255r 0               >  pstring test_name
00.001255r 0  0E 53 42 4C  >>  .BYTE .STRLEN(str), str
00.001259r 0  45 20 2D 31  
00.00125Dr 0  20 3C 3D 20  
00.001261r 0  30 20 20     
00.001264r 0  A9 6F        >  lda #DEFAULT_COLOR
00.001266r 0  85 rr        >  sta CURRENT_COLOR
00.001268r 0               >  load16 DISPLAY_PTR, test_string
00.001268r 0  A9 rr        >>  LDA #<IMM
00.00126Ar 0  85 rr        >>  STA PTR
00.00126Cr 0  A9 rr        >>  LDA #>IMM
00.00126Er 0  85 rr        >>  STA PTR + 1
00.001270r 0  20 rr rr     >  jsr DISPLAY_PSTRING
00.001273r 0  D8           >  cld
00.001274r 0  38           >  sec
00.001275r 0  A9 FF        >  lda #signed_lhs
00.001277r 0  E9 00        >  sbc #signed_rhs
00.001279r 0               >  macroopcode did_branch
00.001279r 0  F0 26        >>  BEQ target
00.00127Br 0               >>  sblt target
00.00127Br 0  50 04        >>>  BVC @no_overflow
00.00127Dr 0  10 22        >>>  BPL target
00.00127Fr 0  30 02        >>>  BMI @done
00.001281r 0  30 1E        >>>  BMI target
00.001283r 0  A9 01        >  lda #expected_taken
00.001285r 0  F0 09        >  beq not_taken_ok
00.001287r 0               >  mark_branch_test_failed
00.001287r 0  A9 A3        >>  lda #TEST_FAIL_COLOR
00.001289r 0  85 rr        >>  sta CURRENT_COLOR
00.00128Br 0  A9 01        >>  lda #1
00.00128Dr 0  8D rr rr     >>  sta fail_flag
00.001290r 0               >  load16 DISPLAY_PTR, test_branch_not_taken
00.001290r 0  A9 rr        >>  LDA #<IMM
00.001292r 0  85 rr        >>  STA PTR
00.001294r 0  A9 rr        >>  LDA #>IMM
00.001296r 0  85 rr        >>  STA PTR + 1
00.001298r 0  20 rr rr     >  jsr DISPLAY_PSTRING
00.00129Br 0  20 rr rr     >  jsr DISPLAY_NEXT_LINE
00.00129Er 0  4C rr rr     >  jmp test_done
00.0012A1r 0  A9 01        >  lda #expected_taken
00.0012A3r 0  D0 09        >  bne taken_ok
00.0012A5r 0               >  mark_branch_test_failed
00.0012A5r 0  A9 A3        >>  lda #TEST_FAIL_COLOR
00.0012A7r 0  85 rr        >>  sta CURRENT_COLOR
00.0012A9r 0  A9 01        >>  lda #1
00.0012ABr 0  8D rr rr     >>  sta fail_flag
00.0012AEr 0               >  load16 DISPLAY_PTR, test_branch_taken
00.0012AEr 0  A9 rr        >>  LDA #<IMM
00.0012B0r 0  85 rr        >>  STA PTR
00.0012B2r 0  A9 rr        >>  LDA #>IMM
00.0012B4r 0  85 rr        >>  STA PTR + 1
00.0012B6r 0  20 rr rr     >  jsr DISPLAY_PSTRING
00.0012B9r 0  20 rr rr     >  jsr DISPLAY_NEXT_LINE
00.0012BCr 0  AD rr rr     >  lda fail_flag
00.0012BFr 0  F0 03        >  beq exit2
00.0012C1r 0  4C rr rr     >  jmp freeze_it
00.0012C4r 0               > exit2:
00.0012C4r 2                   create_signed_branch_test "SBLE 0 <= 0   ", sble, $00, $00, BRANCH_TAKEN
00.0012C4r 0  4C rr rr     >  jmp test_start
00.0012C7r 0               >  pstring test_name
00.0012C7r 0  0E 53 42 4C  >>  .BYTE .STRLEN(str), str
00.0012CBr 0  45 20 30 20  
00.0012CFr 0  3C 3D 20 30  
00.0012D3r 0  20 20 20     
00.0012D6r 0  A9 6F        >  lda #DEFAULT_COLOR
00.0012D8r 0  85 rr        >  sta CURRENT_COLOR
00.0012DAr 0               >  load16 DISPLAY_PTR, test_string
00.0012DAr 0  A9 rr        >>  LDA #<IMM
00.0012DCr 0  85 rr        >>  STA PTR
00.0012DEr 0  A9 rr        >>  LDA #>IMM
00.0012E0r 0  85 rr        >>  STA PTR + 1
00.0012E2r 0  20 rr rr     >  jsr DISPLAY_PSTRING
00.0012E5r 0  D8           >  cld
00.0012E6r 0  38           >  sec
00.0012E7r 0  A9 00        >  lda #signed_lhs
00.0012E9r 0  E9 00        >  sbc #signed_rhs
00.0012EBr 0               >  macroopcode did_branch
00.0012EBr 0  F0 26        >>  BEQ target
00.0012EDr 0               >>  sblt target
00.0012EDr 0  50 04        >>>  BVC @no_overflow
00.0012EFr 0  10 22        >>>  BPL target
00.0012F1r 0  30 02        >>>  BMI @done
00.0012F3r 0  30 1E        >>>  BMI target
00.0012F5r 0  A9 01        >  lda #expected_taken
00.0012F7r 0  F0 09        >  beq not_taken_ok
00.0012F9r 0               >  mark_branch_test_failed
00.0012F9r 0  A9 A3        >>  lda #TEST_FAIL_COLOR
00.0012FBr 0  85 rr        >>  sta CURRENT_COLOR
00.0012FDr 0  A9 01        >>  lda #1
00.0012FFr 0  8D rr rr     >>  sta fail_flag
00.001302r 0               >  load16 DISPLAY_PTR, test_branch_not_taken
00.001302r 0  A9 rr        >>  LDA #<IMM
00.001304r 0  85 rr        >>  STA PTR
00.001306r 0  A9 rr        >>  LDA #>IMM
00.001308r 0  85 rr        >>  STA PTR + 1
00.00130Ar 0  20 rr rr     >  jsr DISPLAY_PSTRING
00.00130Dr 0  20 rr rr     >  jsr DISPLAY_NEXT_LINE
00.001310r 0  4C rr rr     >  jmp test_done
00.001313r 0  A9 01        >  lda #expected_taken
00.001315r 0  D0 09        >  bne taken_ok
00.001317r 0               >  mark_branch_test_failed
00.001317r 0  A9 A3        >>  lda #TEST_FAIL_COLOR
00.001319r 0  85 rr        >>  sta CURRENT_COLOR
00.00131Br 0  A9 01        >>  lda #1
00.00131Dr 0  8D rr rr     >>  sta fail_flag
00.001320r 0               >  load16 DISPLAY_PTR, test_branch_taken
00.001320r 0  A9 rr        >>  LDA #<IMM
00.001322r 0  85 rr        >>  STA PTR
00.001324r 0  A9 rr        >>  LDA #>IMM
00.001326r 0  85 rr        >>  STA PTR + 1
00.001328r 0  20 rr rr     >  jsr DISPLAY_PSTRING
00.00132Br 0  20 rr rr     >  jsr DISPLAY_NEXT_LINE
00.00132Er 0  AD rr rr     >  lda fail_flag
00.001331r 0  F0 03        >  beq exit2
00.001333r 0  4C rr rr     >  jmp freeze_it
00.001336r 0               > exit2:
00.001336r 2                   create_signed_branch_test "SBLE 1 <= 0   ", sble, $01, $00, BRANCH_NOT_TAKEN
00.001336r 0  4C rr rr     >  jmp test_start
00.001339r 0               >  pstring test_name
00.001339r 0  0E 53 42 4C  >>  .BYTE .STRLEN(str), str
00.00133Dr 0  45 20 31 20  
00.001341r 0  3C 3D 20 30  
00.001345r 0  20 20 20     
00.001348r 0  A9 6F        >  lda #DEFAULT_COLOR
00.00134Ar 0  85 rr        >  sta CURRENT_COLOR
00.00134Cr 0               >  load16 DISPLAY_PTR, test_string
00.00134Cr 0  A9 rr        >>  LDA #<IMM
00.00134Er 0  85 rr        >>  STA PTR
00.001350r 0  A9 rr        >>  LDA #>IMM
00.001352r 0  85 rr        >>  STA PTR + 1
00.001354r 0  20 rr rr     >  jsr DISPLAY_PSTRING
00.001357r 0  D8           >  cld
00.001358r 0  38           >  sec
00.001359r 0  A9 01        >  lda #signed_lhs
00.00135Br 0  E9 00        >  sbc #signed_rhs
00.00135Dr 0               >  macroopcode did_branch
00.00135Dr 0  F0 26        >>  BEQ target
00.00135Fr 0               >>  sblt target
00.00135Fr 0  50 04        >>>  BVC @no_overflow
00.001361r 0  10 22        >>>  BPL target
00.001363r 0  30 02        >>>  BMI @done
00.001365r 0  30 1E        >>>  BMI target
00.001367r 0  A9 00        >  lda #expected_taken
00.001369r 0  F0 09        >  beq not_taken_ok
00.00136Br 0               >  mark_branch_test_failed
00.00136Br 0  A9 A3        >>  lda #TEST_FAIL_COLOR
00.00136Dr 0  85 rr        >>  sta CURRENT_COLOR
00.00136Fr 0  A9 01        >>  lda #1
00.001371r 0  8D rr rr     >>  sta fail_flag
00.001374r 0               >  load16 DISPLAY_PTR, test_branch_not_taken
00.001374r 0  A9 rr        >>  LDA #<IMM
00.001376r 0  85 rr        >>  STA PTR
00.001378r 0  A9 rr        >>  LDA #>IMM
00.00137Ar 0  85 rr        >>  STA PTR + 1
00.00137Cr 0  20 rr rr     >  jsr DISPLAY_PSTRING
00.00137Fr 0  20 rr rr     >  jsr DISPLAY_NEXT_LINE
00.001382r 0  4C rr rr     >  jmp test_done
00.001385r 0  A9 00        >  lda #expected_taken
00.001387r 0  D0 09        >  bne taken_ok
00.001389r 0               >  mark_branch_test_failed
00.001389r 0  A9 A3        >>  lda #TEST_FAIL_COLOR
00.00138Br 0  85 rr        >>  sta CURRENT_COLOR
00.00138Dr 0  A9 01        >>  lda #1
00.00138Fr 0  8D rr rr     >>  sta fail_flag
00.001392r 0               >  load16 DISPLAY_PTR, test_branch_taken
00.001392r 0  A9 rr        >>  LDA #<IMM
00.001394r 0  85 rr        >>  STA PTR
00.001396r 0  A9 rr        >>  LDA #>IMM
00.001398r 0  85 rr        >>  STA PTR + 1
00.00139Ar 0  20 rr rr     >  jsr DISPLAY_PSTRING
00.00139Dr 0  20 rr rr     >  jsr DISPLAY_NEXT_LINE
00.0013A0r 0  AD rr rr     >  lda fail_flag
00.0013A3r 0  F0 03        >  beq exit2
00.0013A5r 0  4C rr rr     >  jmp freeze_it
00.0013A8r 0               > exit2:
00.0013A8r 2               
00.0013A8r 2                   ; Overflow-sensitive boundary cases
00.0013A8r 2                   create_signed_branch_test "SBLE -128<=127", sble, $80, $7F, BRANCH_TAKEN
00.0013A8r 0  4C rr rr     >  jmp test_start
00.0013ABr 0               >  pstring test_name
00.0013ABr 0  0E 53 42 4C  >>  .BYTE .STRLEN(str), str
00.0013AFr 0  45 20 2D 31  
00.0013B3r 0  32 38 3C 3D  
00.0013B7r 0  31 32 37     
00.0013BAr 0  A9 6F        >  lda #DEFAULT_COLOR
00.0013BCr 0  85 rr        >  sta CURRENT_COLOR
00.0013BEr 0               >  load16 DISPLAY_PTR, test_string
00.0013BEr 0  A9 rr        >>  LDA #<IMM
00.0013C0r 0  85 rr        >>  STA PTR
00.0013C2r 0  A9 rr        >>  LDA #>IMM
00.0013C4r 0  85 rr        >>  STA PTR + 1
00.0013C6r 0  20 rr rr     >  jsr DISPLAY_PSTRING
00.0013C9r 0  D8           >  cld
00.0013CAr 0  38           >  sec
00.0013CBr 0  A9 80        >  lda #signed_lhs
00.0013CDr 0  E9 7F        >  sbc #signed_rhs
00.0013CFr 0               >  macroopcode did_branch
00.0013CFr 0  F0 26        >>  BEQ target
00.0013D1r 0               >>  sblt target
00.0013D1r 0  50 04        >>>  BVC @no_overflow
00.0013D3r 0  10 22        >>>  BPL target
00.0013D5r 0  30 02        >>>  BMI @done
00.0013D7r 0  30 1E        >>>  BMI target
00.0013D9r 0  A9 01        >  lda #expected_taken
00.0013DBr 0  F0 09        >  beq not_taken_ok
00.0013DDr 0               >  mark_branch_test_failed
00.0013DDr 0  A9 A3        >>  lda #TEST_FAIL_COLOR
00.0013DFr 0  85 rr        >>  sta CURRENT_COLOR
00.0013E1r 0  A9 01        >>  lda #1
00.0013E3r 0  8D rr rr     >>  sta fail_flag
00.0013E6r 0               >  load16 DISPLAY_PTR, test_branch_not_taken
00.0013E6r 0  A9 rr        >>  LDA #<IMM
00.0013E8r 0  85 rr        >>  STA PTR
00.0013EAr 0  A9 rr        >>  LDA #>IMM
00.0013ECr 0  85 rr        >>  STA PTR + 1
00.0013EEr 0  20 rr rr     >  jsr DISPLAY_PSTRING
00.0013F1r 0  20 rr rr     >  jsr DISPLAY_NEXT_LINE
00.0013F4r 0  4C rr rr     >  jmp test_done
00.0013F7r 0  A9 01        >  lda #expected_taken
00.0013F9r 0  D0 09        >  bne taken_ok
00.0013FBr 0               >  mark_branch_test_failed
00.0013FBr 0  A9 A3        >>  lda #TEST_FAIL_COLOR
00.0013FDr 0  85 rr        >>  sta CURRENT_COLOR
00.0013FFr 0  A9 01        >>  lda #1
00.001401r 0  8D rr rr     >>  sta fail_flag
00.001404r 0               >  load16 DISPLAY_PTR, test_branch_taken
00.001404r 0  A9 rr        >>  LDA #<IMM
00.001406r 0  85 rr        >>  STA PTR
00.001408r 0  A9 rr        >>  LDA #>IMM
00.00140Ar 0  85 rr        >>  STA PTR + 1
00.00140Cr 0  20 rr rr     >  jsr DISPLAY_PSTRING
00.00140Fr 0  20 rr rr     >  jsr DISPLAY_NEXT_LINE
00.001412r 0  AD rr rr     >  lda fail_flag
00.001415r 0  F0 03        >  beq exit2
00.001417r 0  4C rr rr     >  jmp freeze_it
00.00141Ar 0               > exit2:
00.00141Ar 2                   create_signed_branch_test "SBLE 127<=-128", sble, $7F, $80, BRANCH_NOT_TAKEN
00.00141Ar 0  4C rr rr     >  jmp test_start
00.00141Dr 0               >  pstring test_name
00.00141Dr 0  0E 53 42 4C  >>  .BYTE .STRLEN(str), str
00.001421r 0  45 20 31 32  
00.001425r 0  37 3C 3D 2D  
00.001429r 0  31 32 38     
00.00142Cr 0  A9 6F        >  lda #DEFAULT_COLOR
00.00142Er 0  85 rr        >  sta CURRENT_COLOR
00.001430r 0               >  load16 DISPLAY_PTR, test_string
00.001430r 0  A9 rr        >>  LDA #<IMM
00.001432r 0  85 rr        >>  STA PTR
00.001434r 0  A9 rr        >>  LDA #>IMM
00.001436r 0  85 rr        >>  STA PTR + 1
00.001438r 0  20 rr rr     >  jsr DISPLAY_PSTRING
00.00143Br 0  D8           >  cld
00.00143Cr 0  38           >  sec
00.00143Dr 0  A9 7F        >  lda #signed_lhs
00.00143Fr 0  E9 80        >  sbc #signed_rhs
00.001441r 0               >  macroopcode did_branch
00.001441r 0  F0 26        >>  BEQ target
00.001443r 0               >>  sblt target
00.001443r 0  50 04        >>>  BVC @no_overflow
00.001445r 0  10 22        >>>  BPL target
00.001447r 0  30 02        >>>  BMI @done
00.001449r 0  30 1E        >>>  BMI target
00.00144Br 0  A9 00        >  lda #expected_taken
00.00144Dr 0  F0 09        >  beq not_taken_ok
00.00144Fr 0               >  mark_branch_test_failed
00.00144Fr 0  A9 A3        >>  lda #TEST_FAIL_COLOR
00.001451r 0  85 rr        >>  sta CURRENT_COLOR
00.001453r 0  A9 01        >>  lda #1
00.001455r 0  8D rr rr     >>  sta fail_flag
00.001458r 0               >  load16 DISPLAY_PTR, test_branch_not_taken
00.001458r 0  A9 rr        >>  LDA #<IMM
00.00145Ar 0  85 rr        >>  STA PTR
00.00145Cr 0  A9 rr        >>  LDA #>IMM
00.00145Er 0  85 rr        >>  STA PTR + 1
00.001460r 0  20 rr rr     >  jsr DISPLAY_PSTRING
00.001463r 0  20 rr rr     >  jsr DISPLAY_NEXT_LINE
00.001466r 0  4C rr rr     >  jmp test_done
00.001469r 0  A9 00        >  lda #expected_taken
00.00146Br 0  D0 09        >  bne taken_ok
00.00146Dr 0               >  mark_branch_test_failed
00.00146Dr 0  A9 A3        >>  lda #TEST_FAIL_COLOR
00.00146Fr 0  85 rr        >>  sta CURRENT_COLOR
00.001471r 0  A9 01        >>  lda #1
00.001473r 0  8D rr rr     >>  sta fail_flag
00.001476r 0               >  load16 DISPLAY_PTR, test_branch_taken
00.001476r 0  A9 rr        >>  LDA #<IMM
00.001478r 0  85 rr        >>  STA PTR
00.00147Ar 0  A9 rr        >>  LDA #>IMM
00.00147Cr 0  85 rr        >>  STA PTR + 1
00.00147Er 0  20 rr rr     >  jsr DISPLAY_PSTRING
00.001481r 0  20 rr rr     >  jsr DISPLAY_NEXT_LINE
00.001484r 0  AD rr rr     >  lda fail_flag
00.001487r 0  F0 03        >  beq exit2
00.001489r 0  4C rr rr     >  jmp freeze_it
00.00148Cr 0               > exit2:
00.00148Cr 2               
00.00148Cr 2                   ; Additional negative/positive ordering
00.00148Cr 2                   create_signed_branch_test "SBLE 0 <= -1  ", sble, $00, $FF, BRANCH_NOT_TAKEN
00.00148Cr 0  4C rr rr     >  jmp test_start
00.00148Fr 0               >  pstring test_name
00.00148Fr 0  0E 53 42 4C  >>  .BYTE .STRLEN(str), str
00.001493r 0  45 20 30 20  
00.001497r 0  3C 3D 20 2D  
00.00149Br 0  31 20 20     
00.00149Er 0  A9 6F        >  lda #DEFAULT_COLOR
00.0014A0r 0  85 rr        >  sta CURRENT_COLOR
00.0014A2r 0               >  load16 DISPLAY_PTR, test_string
00.0014A2r 0  A9 rr        >>  LDA #<IMM
00.0014A4r 0  85 rr        >>  STA PTR
00.0014A6r 0  A9 rr        >>  LDA #>IMM
00.0014A8r 0  85 rr        >>  STA PTR + 1
00.0014AAr 0  20 rr rr     >  jsr DISPLAY_PSTRING
00.0014ADr 0  D8           >  cld
00.0014AEr 0  38           >  sec
00.0014AFr 0  A9 00        >  lda #signed_lhs
00.0014B1r 0  E9 FF        >  sbc #signed_rhs
00.0014B3r 0               >  macroopcode did_branch
00.0014B3r 0  F0 26        >>  BEQ target
00.0014B5r 0               >>  sblt target
00.0014B5r 0  50 04        >>>  BVC @no_overflow
00.0014B7r 0  10 22        >>>  BPL target
00.0014B9r 0  30 02        >>>  BMI @done
00.0014BBr 0  30 1E        >>>  BMI target
00.0014BDr 0  A9 00        >  lda #expected_taken
00.0014BFr 0  F0 09        >  beq not_taken_ok
00.0014C1r 0               >  mark_branch_test_failed
00.0014C1r 0  A9 A3        >>  lda #TEST_FAIL_COLOR
00.0014C3r 0  85 rr        >>  sta CURRENT_COLOR
00.0014C5r 0  A9 01        >>  lda #1
00.0014C7r 0  8D rr rr     >>  sta fail_flag
00.0014CAr 0               >  load16 DISPLAY_PTR, test_branch_not_taken
00.0014CAr 0  A9 rr        >>  LDA #<IMM
00.0014CCr 0  85 rr        >>  STA PTR
00.0014CEr 0  A9 rr        >>  LDA #>IMM
00.0014D0r 0  85 rr        >>  STA PTR + 1
00.0014D2r 0  20 rr rr     >  jsr DISPLAY_PSTRING
00.0014D5r 0  20 rr rr     >  jsr DISPLAY_NEXT_LINE
00.0014D8r 0  4C rr rr     >  jmp test_done
00.0014DBr 0  A9 00        >  lda #expected_taken
00.0014DDr 0  D0 09        >  bne taken_ok
00.0014DFr 0               >  mark_branch_test_failed
00.0014DFr 0  A9 A3        >>  lda #TEST_FAIL_COLOR
00.0014E1r 0  85 rr        >>  sta CURRENT_COLOR
00.0014E3r 0  A9 01        >>  lda #1
00.0014E5r 0  8D rr rr     >>  sta fail_flag
00.0014E8r 0               >  load16 DISPLAY_PTR, test_branch_taken
00.0014E8r 0  A9 rr        >>  LDA #<IMM
00.0014EAr 0  85 rr        >>  STA PTR
00.0014ECr 0  A9 rr        >>  LDA #>IMM
00.0014EEr 0  85 rr        >>  STA PTR + 1
00.0014F0r 0  20 rr rr     >  jsr DISPLAY_PSTRING
00.0014F3r 0  20 rr rr     >  jsr DISPLAY_NEXT_LINE
00.0014F6r 0  AD rr rr     >  lda fail_flag
00.0014F9r 0  F0 03        >  beq exit2
00.0014FBr 0  4C rr rr     >  jmp freeze_it
00.0014FEr 0               > exit2:
00.0014FEr 2                   create_signed_branch_test "SBLE -1 <= -1 ", sble, $FF, $FF, BRANCH_TAKEN
00.0014FEr 0  4C rr rr     >  jmp test_start
00.001501r 0               >  pstring test_name
00.001501r 0  0E 53 42 4C  >>  .BYTE .STRLEN(str), str
00.001505r 0  45 20 2D 31  
00.001509r 0  20 3C 3D 20  
00.00150Dr 0  2D 31 20     
00.001510r 0  A9 6F        >  lda #DEFAULT_COLOR
00.001512r 0  85 rr        >  sta CURRENT_COLOR
00.001514r 0               >  load16 DISPLAY_PTR, test_string
00.001514r 0  A9 rr        >>  LDA #<IMM
00.001516r 0  85 rr        >>  STA PTR
00.001518r 0  A9 rr        >>  LDA #>IMM
00.00151Ar 0  85 rr        >>  STA PTR + 1
00.00151Cr 0  20 rr rr     >  jsr DISPLAY_PSTRING
00.00151Fr 0  D8           >  cld
00.001520r 0  38           >  sec
00.001521r 0  A9 FF        >  lda #signed_lhs
00.001523r 0  E9 FF        >  sbc #signed_rhs
00.001525r 0               >  macroopcode did_branch
00.001525r 0  F0 26        >>  BEQ target
00.001527r 0               >>  sblt target
00.001527r 0  50 04        >>>  BVC @no_overflow
00.001529r 0  10 22        >>>  BPL target
00.00152Br 0  30 02        >>>  BMI @done
00.00152Dr 0  30 1E        >>>  BMI target
00.00152Fr 0  A9 01        >  lda #expected_taken
00.001531r 0  F0 09        >  beq not_taken_ok
00.001533r 0               >  mark_branch_test_failed
00.001533r 0  A9 A3        >>  lda #TEST_FAIL_COLOR
00.001535r 0  85 rr        >>  sta CURRENT_COLOR
00.001537r 0  A9 01        >>  lda #1
00.001539r 0  8D rr rr     >>  sta fail_flag
00.00153Cr 0               >  load16 DISPLAY_PTR, test_branch_not_taken
00.00153Cr 0  A9 rr        >>  LDA #<IMM
00.00153Er 0  85 rr        >>  STA PTR
00.001540r 0  A9 rr        >>  LDA #>IMM
00.001542r 0  85 rr        >>  STA PTR + 1
00.001544r 0  20 rr rr     >  jsr DISPLAY_PSTRING
00.001547r 0  20 rr rr     >  jsr DISPLAY_NEXT_LINE
00.00154Ar 0  4C rr rr     >  jmp test_done
00.00154Dr 0  A9 01        >  lda #expected_taken
00.00154Fr 0  D0 09        >  bne taken_ok
00.001551r 0               >  mark_branch_test_failed
00.001551r 0  A9 A3        >>  lda #TEST_FAIL_COLOR
00.001553r 0  85 rr        >>  sta CURRENT_COLOR
00.001555r 0  A9 01        >>  lda #1
00.001557r 0  8D rr rr     >>  sta fail_flag
00.00155Ar 0               >  load16 DISPLAY_PTR, test_branch_taken
00.00155Ar 0  A9 rr        >>  LDA #<IMM
00.00155Cr 0  85 rr        >>  STA PTR
00.00155Er 0  A9 rr        >>  LDA #>IMM
00.001560r 0  85 rr        >>  STA PTR + 1
00.001562r 0  20 rr rr     >  jsr DISPLAY_PSTRING
00.001565r 0  20 rr rr     >  jsr DISPLAY_NEXT_LINE
00.001568r 0  AD rr rr     >  lda fail_flag
00.00156Br 0  F0 03        >  beq exit2
00.00156Dr 0  4C rr rr     >  jmp freeze_it
00.001570r 0               > exit2:
00.001570r 2               
00.001570r 2                   ; ========================================================================
00.001570r 2                   ; 3. COMBINED COMPARE-AND-BRANCH MACROS
00.001570r 2                   ; ========================================================================
00.001570r 2               
00.001570r 2                   ; A == immediate
00.001570r 2                   create_a_compare_test "IF A EQ 0,0 ", if_a_eq, $00, $00, BRANCH_TAKEN
00.001570r 0  4C rr rr     >  jmp test_start
00.001573r 0               >  pstring test_name
00.001573r 0  0C 49 46 20  >>  .BYTE .STRLEN(str), str
00.001577r 0  41 20 45 51  
00.00157Br 0  20 30 2C 30  
00.00157Fr 0  20           
00.001580r 0  A9 6F        >  lda #DEFAULT_COLOR
00.001582r 0  85 rr        >  sta CURRENT_COLOR
00.001584r 0               >  load16 DISPLAY_PTR, test_string
00.001584r 0  A9 rr        >>  LDA #<IMM
00.001586r 0  85 rr        >>  STA PTR
00.001588r 0  A9 rr        >>  LDA #>IMM
00.00158Ar 0  85 rr        >>  STA PTR + 1
00.00158Cr 0  20 rr rr     >  jsr DISPLAY_PSTRING
00.00158Fr 0  A9 00        >  lda #a_value
00.001591r 0               >  macroopcode compare_value, did_branch
00.001591r 0  C9 00        >>  CMP #value
00.001593r 0  F0 1E        >>  BEQ target
00.001595r 0  A9 01        >  lda #expected_taken
00.001597r 0  F0 09        >  beq not_taken_ok
00.001599r 0               >  mark_branch_test_failed
00.001599r 0  A9 A3        >>  lda #TEST_FAIL_COLOR
00.00159Br 0  85 rr        >>  sta CURRENT_COLOR
00.00159Dr 0  A9 01        >>  lda #1
00.00159Fr 0  8D rr rr     >>  sta fail_flag
00.0015A2r 0               >  load16 DISPLAY_PTR, test_branch_not_taken
00.0015A2r 0  A9 rr        >>  LDA #<IMM
00.0015A4r 0  85 rr        >>  STA PTR
00.0015A6r 0  A9 rr        >>  LDA #>IMM
00.0015A8r 0  85 rr        >>  STA PTR + 1
00.0015AAr 0  20 rr rr     >  jsr DISPLAY_PSTRING
00.0015ADr 0  20 rr rr     >  jsr DISPLAY_NEXT_LINE
00.0015B0r 0  4C rr rr     >  jmp test_done
00.0015B3r 0  A9 01        >  lda #expected_taken
00.0015B5r 0  D0 09        >  bne taken_ok
00.0015B7r 0               >  mark_branch_test_failed
00.0015B7r 0  A9 A3        >>  lda #TEST_FAIL_COLOR
00.0015B9r 0  85 rr        >>  sta CURRENT_COLOR
00.0015BBr 0  A9 01        >>  lda #1
00.0015BDr 0  8D rr rr     >>  sta fail_flag
00.0015C0r 0               >  load16 DISPLAY_PTR, test_branch_taken
00.0015C0r 0  A9 rr        >>  LDA #<IMM
00.0015C2r 0  85 rr        >>  STA PTR
00.0015C4r 0  A9 rr        >>  LDA #>IMM
00.0015C6r 0  85 rr        >>  STA PTR + 1
00.0015C8r 0  20 rr rr     >  jsr DISPLAY_PSTRING
00.0015CBr 0  20 rr rr     >  jsr DISPLAY_NEXT_LINE
00.0015CEr 0  AD rr rr     >  lda fail_flag
00.0015D1r 0  F0 03        >  beq exit2
00.0015D3r 0  4C rr rr     >  jmp freeze_it
00.0015D6r 0               > exit2:
00.0015D6r 2                   create_a_compare_test "IF A EQ 0,1 ", if_a_eq, $00, $01, BRANCH_NOT_TAKEN
00.0015D6r 0  4C rr rr     >  jmp test_start
00.0015D9r 0               >  pstring test_name
00.0015D9r 0  0C 49 46 20  >>  .BYTE .STRLEN(str), str
00.0015DDr 0  41 20 45 51  
00.0015E1r 0  20 30 2C 31  
00.0015E5r 0  20           
00.0015E6r 0  A9 6F        >  lda #DEFAULT_COLOR
00.0015E8r 0  85 rr        >  sta CURRENT_COLOR
00.0015EAr 0               >  load16 DISPLAY_PTR, test_string
00.0015EAr 0  A9 rr        >>  LDA #<IMM
00.0015ECr 0  85 rr        >>  STA PTR
00.0015EEr 0  A9 rr        >>  LDA #>IMM
00.0015F0r 0  85 rr        >>  STA PTR + 1
00.0015F2r 0  20 rr rr     >  jsr DISPLAY_PSTRING
00.0015F5r 0  A9 00        >  lda #a_value
00.0015F7r 0               >  macroopcode compare_value, did_branch
00.0015F7r 0  C9 01        >>  CMP #value
00.0015F9r 0  F0 1E        >>  BEQ target
00.0015FBr 0  A9 00        >  lda #expected_taken
00.0015FDr 0  F0 09        >  beq not_taken_ok
00.0015FFr 0               >  mark_branch_test_failed
00.0015FFr 0  A9 A3        >>  lda #TEST_FAIL_COLOR
00.001601r 0  85 rr        >>  sta CURRENT_COLOR
00.001603r 0  A9 01        >>  lda #1
00.001605r 0  8D rr rr     >>  sta fail_flag
00.001608r 0               >  load16 DISPLAY_PTR, test_branch_not_taken
00.001608r 0  A9 rr        >>  LDA #<IMM
00.00160Ar 0  85 rr        >>  STA PTR
00.00160Cr 0  A9 rr        >>  LDA #>IMM
00.00160Er 0  85 rr        >>  STA PTR + 1
00.001610r 0  20 rr rr     >  jsr DISPLAY_PSTRING
00.001613r 0  20 rr rr     >  jsr DISPLAY_NEXT_LINE
00.001616r 0  4C rr rr     >  jmp test_done
00.001619r 0  A9 00        >  lda #expected_taken
00.00161Br 0  D0 09        >  bne taken_ok
00.00161Dr 0               >  mark_branch_test_failed
00.00161Dr 0  A9 A3        >>  lda #TEST_FAIL_COLOR
00.00161Fr 0  85 rr        >>  sta CURRENT_COLOR
00.001621r 0  A9 01        >>  lda #1
00.001623r 0  8D rr rr     >>  sta fail_flag
00.001626r 0               >  load16 DISPLAY_PTR, test_branch_taken
00.001626r 0  A9 rr        >>  LDA #<IMM
00.001628r 0  85 rr        >>  STA PTR
00.00162Ar 0  A9 rr        >>  LDA #>IMM
00.00162Cr 0  85 rr        >>  STA PTR + 1
00.00162Er 0  20 rr rr     >  jsr DISPLAY_PSTRING
00.001631r 0  20 rr rr     >  jsr DISPLAY_NEXT_LINE
00.001634r 0  AD rr rr     >  lda fail_flag
00.001637r 0  F0 03        >  beq exit2
00.001639r 0  4C rr rr     >  jmp freeze_it
00.00163Cr 0               > exit2:
00.00163Cr 2               
00.00163Cr 2                   ; A != immediate
00.00163Cr 2                   create_a_compare_test "IF A NE 0,1 ", if_a_ne, $00, $01, BRANCH_TAKEN
00.00163Cr 0  4C rr rr     >  jmp test_start
00.00163Fr 0               >  pstring test_name
00.00163Fr 0  0C 49 46 20  >>  .BYTE .STRLEN(str), str
00.001643r 0  41 20 4E 45  
00.001647r 0  20 30 2C 31  
00.00164Br 0  20           
00.00164Cr 0  A9 6F        >  lda #DEFAULT_COLOR
00.00164Er 0  85 rr        >  sta CURRENT_COLOR
00.001650r 0               >  load16 DISPLAY_PTR, test_string
00.001650r 0  A9 rr        >>  LDA #<IMM
00.001652r 0  85 rr        >>  STA PTR
00.001654r 0  A9 rr        >>  LDA #>IMM
00.001656r 0  85 rr        >>  STA PTR + 1
00.001658r 0  20 rr rr     >  jsr DISPLAY_PSTRING
00.00165Br 0  A9 00        >  lda #a_value
00.00165Dr 0               >  macroopcode compare_value, did_branch
00.00165Dr 0  C9 01        >>  CMP #value
00.00165Fr 0  D0 1E        >>  BNE target
00.001661r 0  A9 01        >  lda #expected_taken
00.001663r 0  F0 09        >  beq not_taken_ok
00.001665r 0               >  mark_branch_test_failed
00.001665r 0  A9 A3        >>  lda #TEST_FAIL_COLOR
00.001667r 0  85 rr        >>  sta CURRENT_COLOR
00.001669r 0  A9 01        >>  lda #1
00.00166Br 0  8D rr rr     >>  sta fail_flag
00.00166Er 0               >  load16 DISPLAY_PTR, test_branch_not_taken
00.00166Er 0  A9 rr        >>  LDA #<IMM
00.001670r 0  85 rr        >>  STA PTR
00.001672r 0  A9 rr        >>  LDA #>IMM
00.001674r 0  85 rr        >>  STA PTR + 1
00.001676r 0  20 rr rr     >  jsr DISPLAY_PSTRING
00.001679r 0  20 rr rr     >  jsr DISPLAY_NEXT_LINE
00.00167Cr 0  4C rr rr     >  jmp test_done
00.00167Fr 0  A9 01        >  lda #expected_taken
00.001681r 0  D0 09        >  bne taken_ok
00.001683r 0               >  mark_branch_test_failed
00.001683r 0  A9 A3        >>  lda #TEST_FAIL_COLOR
00.001685r 0  85 rr        >>  sta CURRENT_COLOR
00.001687r 0  A9 01        >>  lda #1
00.001689r 0  8D rr rr     >>  sta fail_flag
00.00168Cr 0               >  load16 DISPLAY_PTR, test_branch_taken
00.00168Cr 0  A9 rr        >>  LDA #<IMM
00.00168Er 0  85 rr        >>  STA PTR
00.001690r 0  A9 rr        >>  LDA #>IMM
00.001692r 0  85 rr        >>  STA PTR + 1
00.001694r 0  20 rr rr     >  jsr DISPLAY_PSTRING
00.001697r 0  20 rr rr     >  jsr DISPLAY_NEXT_LINE
00.00169Ar 0  AD rr rr     >  lda fail_flag
00.00169Dr 0  F0 03        >  beq exit2
00.00169Fr 0  4C rr rr     >  jmp freeze_it
00.0016A2r 0               > exit2:
00.0016A2r 2                   create_a_compare_test "IF A NE 0,0 ", if_a_ne, $00, $00, BRANCH_NOT_TAKEN
00.0016A2r 0  4C rr rr     >  jmp test_start
00.0016A5r 0               >  pstring test_name
00.0016A5r 0  0C 49 46 20  >>  .BYTE .STRLEN(str), str
00.0016A9r 0  41 20 4E 45  
00.0016ADr 0  20 30 2C 30  
00.0016B1r 0  20           
00.0016B2r 0  A9 6F        >  lda #DEFAULT_COLOR
00.0016B4r 0  85 rr        >  sta CURRENT_COLOR
00.0016B6r 0               >  load16 DISPLAY_PTR, test_string
00.0016B6r 0  A9 rr        >>  LDA #<IMM
00.0016B8r 0  85 rr        >>  STA PTR
00.0016BAr 0  A9 rr        >>  LDA #>IMM
00.0016BCr 0  85 rr        >>  STA PTR + 1
00.0016BEr 0  20 rr rr     >  jsr DISPLAY_PSTRING
00.0016C1r 0  A9 00        >  lda #a_value
00.0016C3r 0               >  macroopcode compare_value, did_branch
00.0016C3r 0  C9 00        >>  CMP #value
00.0016C5r 0  D0 1E        >>  BNE target
00.0016C7r 0  A9 00        >  lda #expected_taken
00.0016C9r 0  F0 09        >  beq not_taken_ok
00.0016CBr 0               >  mark_branch_test_failed
00.0016CBr 0  A9 A3        >>  lda #TEST_FAIL_COLOR
00.0016CDr 0  85 rr        >>  sta CURRENT_COLOR
00.0016CFr 0  A9 01        >>  lda #1
00.0016D1r 0  8D rr rr     >>  sta fail_flag
00.0016D4r 0               >  load16 DISPLAY_PTR, test_branch_not_taken
00.0016D4r 0  A9 rr        >>  LDA #<IMM
00.0016D6r 0  85 rr        >>  STA PTR
00.0016D8r 0  A9 rr        >>  LDA #>IMM
00.0016DAr 0  85 rr        >>  STA PTR + 1
00.0016DCr 0  20 rr rr     >  jsr DISPLAY_PSTRING
00.0016DFr 0  20 rr rr     >  jsr DISPLAY_NEXT_LINE
00.0016E2r 0  4C rr rr     >  jmp test_done
00.0016E5r 0  A9 00        >  lda #expected_taken
00.0016E7r 0  D0 09        >  bne taken_ok
00.0016E9r 0               >  mark_branch_test_failed
00.0016E9r 0  A9 A3        >>  lda #TEST_FAIL_COLOR
00.0016EBr 0  85 rr        >>  sta CURRENT_COLOR
00.0016EDr 0  A9 01        >>  lda #1
00.0016EFr 0  8D rr rr     >>  sta fail_flag
00.0016F2r 0               >  load16 DISPLAY_PTR, test_branch_taken
00.0016F2r 0  A9 rr        >>  LDA #<IMM
00.0016F4r 0  85 rr        >>  STA PTR
00.0016F6r 0  A9 rr        >>  LDA #>IMM
00.0016F8r 0  85 rr        >>  STA PTR + 1
00.0016FAr 0  20 rr rr     >  jsr DISPLAY_PSTRING
00.0016FDr 0  20 rr rr     >  jsr DISPLAY_NEXT_LINE
00.001700r 0  AD rr rr     >  lda fail_flag
00.001703r 0  F0 03        >  beq exit2
00.001705r 0  4C rr rr     >  jmp freeze_it
00.001708r 0               > exit2:
00.001708r 2               
00.001708r 2                   ; A < immediate, unsigned
00.001708r 2                   create_a_compare_test "IF A LT 0,1 ", if_a_lt, $00, $01, BRANCH_TAKEN
00.001708r 0  4C rr rr     >  jmp test_start
00.00170Br 0               >  pstring test_name
00.00170Br 0  0C 49 46 20  >>  .BYTE .STRLEN(str), str
00.00170Fr 0  41 20 4C 54  
00.001713r 0  20 30 2C 31  
00.001717r 0  20           
00.001718r 0  A9 6F        >  lda #DEFAULT_COLOR
00.00171Ar 0  85 rr        >  sta CURRENT_COLOR
00.00171Cr 0               >  load16 DISPLAY_PTR, test_string
00.00171Cr 0  A9 rr        >>  LDA #<IMM
00.00171Er 0  85 rr        >>  STA PTR
00.001720r 0  A9 rr        >>  LDA #>IMM
00.001722r 0  85 rr        >>  STA PTR + 1
00.001724r 0  20 rr rr     >  jsr DISPLAY_PSTRING
00.001727r 0  A9 00        >  lda #a_value
00.001729r 0               >  macroopcode compare_value, did_branch
00.001729r 0  C9 01        >>  CMP #value
00.00172Br 0  90 1E        >>  BCC target
00.00172Dr 0  A9 01        >  lda #expected_taken
00.00172Fr 0  F0 09        >  beq not_taken_ok
00.001731r 0               >  mark_branch_test_failed
00.001731r 0  A9 A3        >>  lda #TEST_FAIL_COLOR
00.001733r 0  85 rr        >>  sta CURRENT_COLOR
00.001735r 0  A9 01        >>  lda #1
00.001737r 0  8D rr rr     >>  sta fail_flag
00.00173Ar 0               >  load16 DISPLAY_PTR, test_branch_not_taken
00.00173Ar 0  A9 rr        >>  LDA #<IMM
00.00173Cr 0  85 rr        >>  STA PTR
00.00173Er 0  A9 rr        >>  LDA #>IMM
00.001740r 0  85 rr        >>  STA PTR + 1
00.001742r 0  20 rr rr     >  jsr DISPLAY_PSTRING
00.001745r 0  20 rr rr     >  jsr DISPLAY_NEXT_LINE
00.001748r 0  4C rr rr     >  jmp test_done
00.00174Br 0  A9 01        >  lda #expected_taken
00.00174Dr 0  D0 09        >  bne taken_ok
00.00174Fr 0               >  mark_branch_test_failed
00.00174Fr 0  A9 A3        >>  lda #TEST_FAIL_COLOR
00.001751r 0  85 rr        >>  sta CURRENT_COLOR
00.001753r 0  A9 01        >>  lda #1
00.001755r 0  8D rr rr     >>  sta fail_flag
00.001758r 0               >  load16 DISPLAY_PTR, test_branch_taken
00.001758r 0  A9 rr        >>  LDA #<IMM
00.00175Ar 0  85 rr        >>  STA PTR
00.00175Cr 0  A9 rr        >>  LDA #>IMM
00.00175Er 0  85 rr        >>  STA PTR + 1
00.001760r 0  20 rr rr     >  jsr DISPLAY_PSTRING
00.001763r 0  20 rr rr     >  jsr DISPLAY_NEXT_LINE
00.001766r 0  AD rr rr     >  lda fail_flag
00.001769r 0  F0 03        >  beq exit2
00.00176Br 0  4C rr rr     >  jmp freeze_it
00.00176Er 0               > exit2:
00.00176Er 2                   create_a_compare_test "IF A LT 1,1 ", if_a_lt, $01, $01, BRANCH_NOT_TAKEN
00.00176Er 0  4C rr rr     >  jmp test_start
00.001771r 0               >  pstring test_name
00.001771r 0  0C 49 46 20  >>  .BYTE .STRLEN(str), str
00.001775r 0  41 20 4C 54  
00.001779r 0  20 31 2C 31  
00.00177Dr 0  20           
00.00177Er 0  A9 6F        >  lda #DEFAULT_COLOR
00.001780r 0  85 rr        >  sta CURRENT_COLOR
00.001782r 0               >  load16 DISPLAY_PTR, test_string
00.001782r 0  A9 rr        >>  LDA #<IMM
00.001784r 0  85 rr        >>  STA PTR
00.001786r 0  A9 rr        >>  LDA #>IMM
00.001788r 0  85 rr        >>  STA PTR + 1
00.00178Ar 0  20 rr rr     >  jsr DISPLAY_PSTRING
00.00178Dr 0  A9 01        >  lda #a_value
00.00178Fr 0               >  macroopcode compare_value, did_branch
00.00178Fr 0  C9 01        >>  CMP #value
00.001791r 0  90 1E        >>  BCC target
00.001793r 0  A9 00        >  lda #expected_taken
00.001795r 0  F0 09        >  beq not_taken_ok
00.001797r 0               >  mark_branch_test_failed
00.001797r 0  A9 A3        >>  lda #TEST_FAIL_COLOR
00.001799r 0  85 rr        >>  sta CURRENT_COLOR
00.00179Br 0  A9 01        >>  lda #1
00.00179Dr 0  8D rr rr     >>  sta fail_flag
00.0017A0r 0               >  load16 DISPLAY_PTR, test_branch_not_taken
00.0017A0r 0  A9 rr        >>  LDA #<IMM
00.0017A2r 0  85 rr        >>  STA PTR
00.0017A4r 0  A9 rr        >>  LDA #>IMM
00.0017A6r 0  85 rr        >>  STA PTR + 1
00.0017A8r 0  20 rr rr     >  jsr DISPLAY_PSTRING
00.0017ABr 0  20 rr rr     >  jsr DISPLAY_NEXT_LINE
00.0017AEr 0  4C rr rr     >  jmp test_done
00.0017B1r 0  A9 00        >  lda #expected_taken
00.0017B3r 0  D0 09        >  bne taken_ok
00.0017B5r 0               >  mark_branch_test_failed
00.0017B5r 0  A9 A3        >>  lda #TEST_FAIL_COLOR
00.0017B7r 0  85 rr        >>  sta CURRENT_COLOR
00.0017B9r 0  A9 01        >>  lda #1
00.0017BBr 0  8D rr rr     >>  sta fail_flag
00.0017BEr 0               >  load16 DISPLAY_PTR, test_branch_taken
00.0017BEr 0  A9 rr        >>  LDA #<IMM
00.0017C0r 0  85 rr        >>  STA PTR
00.0017C2r 0  A9 rr        >>  LDA #>IMM
00.0017C4r 0  85 rr        >>  STA PTR + 1
00.0017C6r 0  20 rr rr     >  jsr DISPLAY_PSTRING
00.0017C9r 0  20 rr rr     >  jsr DISPLAY_NEXT_LINE
00.0017CCr 0  AD rr rr     >  lda fail_flag
00.0017CFr 0  F0 03        >  beq exit2
00.0017D1r 0  4C rr rr     >  jmp freeze_it
00.0017D4r 0               > exit2:
00.0017D4r 2                   create_a_compare_test "IF A LT FF,1", if_a_lt, $FF, $01, BRANCH_NOT_TAKEN
00.0017D4r 0  4C rr rr     >  jmp test_start
00.0017D7r 0               >  pstring test_name
00.0017D7r 0  0C 49 46 20  >>  .BYTE .STRLEN(str), str
00.0017DBr 0  41 20 4C 54  
00.0017DFr 0  20 46 46 2C  
00.0017E3r 0  31           
00.0017E4r 0  A9 6F        >  lda #DEFAULT_COLOR
00.0017E6r 0  85 rr        >  sta CURRENT_COLOR
00.0017E8r 0               >  load16 DISPLAY_PTR, test_string
00.0017E8r 0  A9 rr        >>  LDA #<IMM
00.0017EAr 0  85 rr        >>  STA PTR
00.0017ECr 0  A9 rr        >>  LDA #>IMM
00.0017EEr 0  85 rr        >>  STA PTR + 1
00.0017F0r 0  20 rr rr     >  jsr DISPLAY_PSTRING
00.0017F3r 0  A9 FF        >  lda #a_value
00.0017F5r 0               >  macroopcode compare_value, did_branch
00.0017F5r 0  C9 01        >>  CMP #value
00.0017F7r 0  90 1E        >>  BCC target
00.0017F9r 0  A9 00        >  lda #expected_taken
00.0017FBr 0  F0 09        >  beq not_taken_ok
00.0017FDr 0               >  mark_branch_test_failed
00.0017FDr 0  A9 A3        >>  lda #TEST_FAIL_COLOR
00.0017FFr 0  85 rr        >>  sta CURRENT_COLOR
00.001801r 0  A9 01        >>  lda #1
00.001803r 0  8D rr rr     >>  sta fail_flag
00.001806r 0               >  load16 DISPLAY_PTR, test_branch_not_taken
00.001806r 0  A9 rr        >>  LDA #<IMM
00.001808r 0  85 rr        >>  STA PTR
00.00180Ar 0  A9 rr        >>  LDA #>IMM
00.00180Cr 0  85 rr        >>  STA PTR + 1
00.00180Er 0  20 rr rr     >  jsr DISPLAY_PSTRING
00.001811r 0  20 rr rr     >  jsr DISPLAY_NEXT_LINE
00.001814r 0  4C rr rr     >  jmp test_done
00.001817r 0  A9 00        >  lda #expected_taken
00.001819r 0  D0 09        >  bne taken_ok
00.00181Br 0               >  mark_branch_test_failed
00.00181Br 0  A9 A3        >>  lda #TEST_FAIL_COLOR
00.00181Dr 0  85 rr        >>  sta CURRENT_COLOR
00.00181Fr 0  A9 01        >>  lda #1
00.001821r 0  8D rr rr     >>  sta fail_flag
00.001824r 0               >  load16 DISPLAY_PTR, test_branch_taken
00.001824r 0  A9 rr        >>  LDA #<IMM
00.001826r 0  85 rr        >>  STA PTR
00.001828r 0  A9 rr        >>  LDA #>IMM
00.00182Ar 0  85 rr        >>  STA PTR + 1
00.00182Cr 0  20 rr rr     >  jsr DISPLAY_PSTRING
00.00182Fr 0  20 rr rr     >  jsr DISPLAY_NEXT_LINE
00.001832r 0  AD rr rr     >  lda fail_flag
00.001835r 0  F0 03        >  beq exit2
00.001837r 0  4C rr rr     >  jmp freeze_it
00.00183Ar 0               > exit2:
00.00183Ar 2               
00.00183Ar 2                   ; A >= immediate, unsigned
00.00183Ar 2                   create_a_compare_test "IF A GE 1,0 ", if_a_ge, $01, $00, BRANCH_TAKEN
00.00183Ar 0  4C rr rr     >  jmp test_start
00.00183Dr 0               >  pstring test_name
00.00183Dr 0  0C 49 46 20  >>  .BYTE .STRLEN(str), str
00.001841r 0  41 20 47 45  
00.001845r 0  20 31 2C 30  
00.001849r 0  20           
00.00184Ar 0  A9 6F        >  lda #DEFAULT_COLOR
00.00184Cr 0  85 rr        >  sta CURRENT_COLOR
00.00184Er 0               >  load16 DISPLAY_PTR, test_string
00.00184Er 0  A9 rr        >>  LDA #<IMM
00.001850r 0  85 rr        >>  STA PTR
00.001852r 0  A9 rr        >>  LDA #>IMM
00.001854r 0  85 rr        >>  STA PTR + 1
00.001856r 0  20 rr rr     >  jsr DISPLAY_PSTRING
00.001859r 0  A9 01        >  lda #a_value
00.00185Br 0               >  macroopcode compare_value, did_branch
00.00185Br 0  C9 00        >>  CMP #value
00.00185Dr 0  B0 1E        >>  BCS target
00.00185Fr 0  A9 01        >  lda #expected_taken
00.001861r 0  F0 09        >  beq not_taken_ok
00.001863r 0               >  mark_branch_test_failed
00.001863r 0  A9 A3        >>  lda #TEST_FAIL_COLOR
00.001865r 0  85 rr        >>  sta CURRENT_COLOR
00.001867r 0  A9 01        >>  lda #1
00.001869r 0  8D rr rr     >>  sta fail_flag
00.00186Cr 0               >  load16 DISPLAY_PTR, test_branch_not_taken
00.00186Cr 0  A9 rr        >>  LDA #<IMM
00.00186Er 0  85 rr        >>  STA PTR
00.001870r 0  A9 rr        >>  LDA #>IMM
00.001872r 0  85 rr        >>  STA PTR + 1
00.001874r 0  20 rr rr     >  jsr DISPLAY_PSTRING
00.001877r 0  20 rr rr     >  jsr DISPLAY_NEXT_LINE
00.00187Ar 0  4C rr rr     >  jmp test_done
00.00187Dr 0  A9 01        >  lda #expected_taken
00.00187Fr 0  D0 09        >  bne taken_ok
00.001881r 0               >  mark_branch_test_failed
00.001881r 0  A9 A3        >>  lda #TEST_FAIL_COLOR
00.001883r 0  85 rr        >>  sta CURRENT_COLOR
00.001885r 0  A9 01        >>  lda #1
00.001887r 0  8D rr rr     >>  sta fail_flag
00.00188Ar 0               >  load16 DISPLAY_PTR, test_branch_taken
00.00188Ar 0  A9 rr        >>  LDA #<IMM
00.00188Cr 0  85 rr        >>  STA PTR
00.00188Er 0  A9 rr        >>  LDA #>IMM
00.001890r 0  85 rr        >>  STA PTR + 1
00.001892r 0  20 rr rr     >  jsr DISPLAY_PSTRING
00.001895r 0  20 rr rr     >  jsr DISPLAY_NEXT_LINE
00.001898r 0  AD rr rr     >  lda fail_flag
00.00189Br 0  F0 03        >  beq exit2
00.00189Dr 0  4C rr rr     >  jmp freeze_it
00.0018A0r 0               > exit2:
00.0018A0r 2                   create_a_compare_test "IF A GE 1,1 ", if_a_ge, $01, $01, BRANCH_TAKEN
00.0018A0r 0  4C rr rr     >  jmp test_start
00.0018A3r 0               >  pstring test_name
00.0018A3r 0  0C 49 46 20  >>  .BYTE .STRLEN(str), str
00.0018A7r 0  41 20 47 45  
00.0018ABr 0  20 31 2C 31  
00.0018AFr 0  20           
00.0018B0r 0  A9 6F        >  lda #DEFAULT_COLOR
00.0018B2r 0  85 rr        >  sta CURRENT_COLOR
00.0018B4r 0               >  load16 DISPLAY_PTR, test_string
00.0018B4r 0  A9 rr        >>  LDA #<IMM
00.0018B6r 0  85 rr        >>  STA PTR
00.0018B8r 0  A9 rr        >>  LDA #>IMM
00.0018BAr 0  85 rr        >>  STA PTR + 1
00.0018BCr 0  20 rr rr     >  jsr DISPLAY_PSTRING
00.0018BFr 0  A9 01        >  lda #a_value
00.0018C1r 0               >  macroopcode compare_value, did_branch
00.0018C1r 0  C9 01        >>  CMP #value
00.0018C3r 0  B0 1E        >>  BCS target
00.0018C5r 0  A9 01        >  lda #expected_taken
00.0018C7r 0  F0 09        >  beq not_taken_ok
00.0018C9r 0               >  mark_branch_test_failed
00.0018C9r 0  A9 A3        >>  lda #TEST_FAIL_COLOR
00.0018CBr 0  85 rr        >>  sta CURRENT_COLOR
00.0018CDr 0  A9 01        >>  lda #1
00.0018CFr 0  8D rr rr     >>  sta fail_flag
00.0018D2r 0               >  load16 DISPLAY_PTR, test_branch_not_taken
00.0018D2r 0  A9 rr        >>  LDA #<IMM
00.0018D4r 0  85 rr        >>  STA PTR
00.0018D6r 0  A9 rr        >>  LDA #>IMM
00.0018D8r 0  85 rr        >>  STA PTR + 1
00.0018DAr 0  20 rr rr     >  jsr DISPLAY_PSTRING
00.0018DDr 0  20 rr rr     >  jsr DISPLAY_NEXT_LINE
00.0018E0r 0  4C rr rr     >  jmp test_done
00.0018E3r 0  A9 01        >  lda #expected_taken
00.0018E5r 0  D0 09        >  bne taken_ok
00.0018E7r 0               >  mark_branch_test_failed
00.0018E7r 0  A9 A3        >>  lda #TEST_FAIL_COLOR
00.0018E9r 0  85 rr        >>  sta CURRENT_COLOR
00.0018EBr 0  A9 01        >>  lda #1
00.0018EDr 0  8D rr rr     >>  sta fail_flag
00.0018F0r 0               >  load16 DISPLAY_PTR, test_branch_taken
00.0018F0r 0  A9 rr        >>  LDA #<IMM
00.0018F2r 0  85 rr        >>  STA PTR
00.0018F4r 0  A9 rr        >>  LDA #>IMM
00.0018F6r 0  85 rr        >>  STA PTR + 1
00.0018F8r 0  20 rr rr     >  jsr DISPLAY_PSTRING
00.0018FBr 0  20 rr rr     >  jsr DISPLAY_NEXT_LINE
00.0018FEr 0  AD rr rr     >  lda fail_flag
00.001901r 0  F0 03        >  beq exit2
00.001903r 0  4C rr rr     >  jmp freeze_it
00.001906r 0               > exit2:
00.001906r 2                   create_a_compare_test "IF A GE 0,1 ", if_a_ge, $00, $01, BRANCH_NOT_TAKEN
00.001906r 0  4C rr rr     >  jmp test_start
00.001909r 0               >  pstring test_name
00.001909r 0  0C 49 46 20  >>  .BYTE .STRLEN(str), str
00.00190Dr 0  41 20 47 45  
00.001911r 0  20 30 2C 31  
00.001915r 0  20           
00.001916r 0  A9 6F        >  lda #DEFAULT_COLOR
00.001918r 0  85 rr        >  sta CURRENT_COLOR
00.00191Ar 0               >  load16 DISPLAY_PTR, test_string
00.00191Ar 0  A9 rr        >>  LDA #<IMM
00.00191Cr 0  85 rr        >>  STA PTR
00.00191Er 0  A9 rr        >>  LDA #>IMM
00.001920r 0  85 rr        >>  STA PTR + 1
00.001922r 0  20 rr rr     >  jsr DISPLAY_PSTRING
00.001925r 0  A9 00        >  lda #a_value
00.001927r 0               >  macroopcode compare_value, did_branch
00.001927r 0  C9 01        >>  CMP #value
00.001929r 0  B0 1E        >>  BCS target
00.00192Br 0  A9 00        >  lda #expected_taken
00.00192Dr 0  F0 09        >  beq not_taken_ok
00.00192Fr 0               >  mark_branch_test_failed
00.00192Fr 0  A9 A3        >>  lda #TEST_FAIL_COLOR
00.001931r 0  85 rr        >>  sta CURRENT_COLOR
00.001933r 0  A9 01        >>  lda #1
00.001935r 0  8D rr rr     >>  sta fail_flag
00.001938r 0               >  load16 DISPLAY_PTR, test_branch_not_taken
00.001938r 0  A9 rr        >>  LDA #<IMM
00.00193Ar 0  85 rr        >>  STA PTR
00.00193Cr 0  A9 rr        >>  LDA #>IMM
00.00193Er 0  85 rr        >>  STA PTR + 1
00.001940r 0  20 rr rr     >  jsr DISPLAY_PSTRING
00.001943r 0  20 rr rr     >  jsr DISPLAY_NEXT_LINE
00.001946r 0  4C rr rr     >  jmp test_done
00.001949r 0  A9 00        >  lda #expected_taken
00.00194Br 0  D0 09        >  bne taken_ok
00.00194Dr 0               >  mark_branch_test_failed
00.00194Dr 0  A9 A3        >>  lda #TEST_FAIL_COLOR
00.00194Fr 0  85 rr        >>  sta CURRENT_COLOR
00.001951r 0  A9 01        >>  lda #1
00.001953r 0  8D rr rr     >>  sta fail_flag
00.001956r 0               >  load16 DISPLAY_PTR, test_branch_taken
00.001956r 0  A9 rr        >>  LDA #<IMM
00.001958r 0  85 rr        >>  STA PTR
00.00195Ar 0  A9 rr        >>  LDA #>IMM
00.00195Cr 0  85 rr        >>  STA PTR + 1
00.00195Er 0  20 rr rr     >  jsr DISPLAY_PSTRING
00.001961r 0  20 rr rr     >  jsr DISPLAY_NEXT_LINE
00.001964r 0  AD rr rr     >  lda fail_flag
00.001967r 0  F0 03        >  beq exit2
00.001969r 0  4C rr rr     >  jmp freeze_it
00.00196Cr 0               > exit2:
00.00196Cr 2               
00.00196Cr 2                   ; A > immediate, unsigned
00.00196Cr 2                   create_a_compare_test "IF A GT 2,1 ", if_a_gt, $02, $01, BRANCH_TAKEN
00.00196Cr 0  4C rr rr     >  jmp test_start
00.00196Fr 0               >  pstring test_name
00.00196Fr 0  0C 49 46 20  >>  .BYTE .STRLEN(str), str
00.001973r 0  41 20 47 54  
00.001977r 0  20 32 2C 31  
00.00197Br 0  20           
00.00197Cr 0  A9 6F        >  lda #DEFAULT_COLOR
00.00197Er 0  85 rr        >  sta CURRENT_COLOR
00.001980r 0               >  load16 DISPLAY_PTR, test_string
00.001980r 0  A9 rr        >>  LDA #<IMM
00.001982r 0  85 rr        >>  STA PTR
00.001984r 0  A9 rr        >>  LDA #>IMM
00.001986r 0  85 rr        >>  STA PTR + 1
00.001988r 0  20 rr rr     >  jsr DISPLAY_PSTRING
00.00198Br 0  A9 02        >  lda #a_value
00.00198Dr 0               >  macroopcode compare_value, did_branch
00.00198Dr 0  C9 01        >>  CMP #value
00.00198Fr 0  F0 02        >>  BEQ @skip
00.001991r 0  B0 1E        >>  BCS target
00.001993r 0  A9 01        >  lda #expected_taken
00.001995r 0  F0 09        >  beq not_taken_ok
00.001997r 0               >  mark_branch_test_failed
00.001997r 0  A9 A3        >>  lda #TEST_FAIL_COLOR
00.001999r 0  85 rr        >>  sta CURRENT_COLOR
00.00199Br 0  A9 01        >>  lda #1
00.00199Dr 0  8D rr rr     >>  sta fail_flag
00.0019A0r 0               >  load16 DISPLAY_PTR, test_branch_not_taken
00.0019A0r 0  A9 rr        >>  LDA #<IMM
00.0019A2r 0  85 rr        >>  STA PTR
00.0019A4r 0  A9 rr        >>  LDA #>IMM
00.0019A6r 0  85 rr        >>  STA PTR + 1
00.0019A8r 0  20 rr rr     >  jsr DISPLAY_PSTRING
00.0019ABr 0  20 rr rr     >  jsr DISPLAY_NEXT_LINE
00.0019AEr 0  4C rr rr     >  jmp test_done
00.0019B1r 0  A9 01        >  lda #expected_taken
00.0019B3r 0  D0 09        >  bne taken_ok
00.0019B5r 0               >  mark_branch_test_failed
00.0019B5r 0  A9 A3        >>  lda #TEST_FAIL_COLOR
00.0019B7r 0  85 rr        >>  sta CURRENT_COLOR
00.0019B9r 0  A9 01        >>  lda #1
00.0019BBr 0  8D rr rr     >>  sta fail_flag
00.0019BEr 0               >  load16 DISPLAY_PTR, test_branch_taken
00.0019BEr 0  A9 rr        >>  LDA #<IMM
00.0019C0r 0  85 rr        >>  STA PTR
00.0019C2r 0  A9 rr        >>  LDA #>IMM
00.0019C4r 0  85 rr        >>  STA PTR + 1
00.0019C6r 0  20 rr rr     >  jsr DISPLAY_PSTRING
00.0019C9r 0  20 rr rr     >  jsr DISPLAY_NEXT_LINE
00.0019CCr 0  AD rr rr     >  lda fail_flag
00.0019CFr 0  F0 03        >  beq exit2
00.0019D1r 0  4C rr rr     >  jmp freeze_it
00.0019D4r 0               > exit2:
00.0019D4r 2                   create_a_compare_test "IF A GT 1,1 ", if_a_gt, $01, $01, BRANCH_NOT_TAKEN
00.0019D4r 0  4C rr rr     >  jmp test_start
00.0019D7r 0               >  pstring test_name
00.0019D7r 0  0C 49 46 20  >>  .BYTE .STRLEN(str), str
00.0019DBr 0  41 20 47 54  
00.0019DFr 0  20 31 2C 31  
00.0019E3r 0  20           
00.0019E4r 0  A9 6F        >  lda #DEFAULT_COLOR
00.0019E6r 0  85 rr        >  sta CURRENT_COLOR
00.0019E8r 0               >  load16 DISPLAY_PTR, test_string
00.0019E8r 0  A9 rr        >>  LDA #<IMM
00.0019EAr 0  85 rr        >>  STA PTR
00.0019ECr 0  A9 rr        >>  LDA #>IMM
00.0019EEr 0  85 rr        >>  STA PTR + 1
00.0019F0r 0  20 rr rr     >  jsr DISPLAY_PSTRING
00.0019F3r 0  A9 01        >  lda #a_value
00.0019F5r 0               >  macroopcode compare_value, did_branch
00.0019F5r 0  C9 01        >>  CMP #value
00.0019F7r 0  F0 02        >>  BEQ @skip
00.0019F9r 0  B0 1E        >>  BCS target
00.0019FBr 0  A9 00        >  lda #expected_taken
00.0019FDr 0  F0 09        >  beq not_taken_ok
00.0019FFr 0               >  mark_branch_test_failed
00.0019FFr 0  A9 A3        >>  lda #TEST_FAIL_COLOR
00.001A01r 0  85 rr        >>  sta CURRENT_COLOR
00.001A03r 0  A9 01        >>  lda #1
00.001A05r 0  8D rr rr     >>  sta fail_flag
00.001A08r 0               >  load16 DISPLAY_PTR, test_branch_not_taken
00.001A08r 0  A9 rr        >>  LDA #<IMM
00.001A0Ar 0  85 rr        >>  STA PTR
00.001A0Cr 0  A9 rr        >>  LDA #>IMM
00.001A0Er 0  85 rr        >>  STA PTR + 1
00.001A10r 0  20 rr rr     >  jsr DISPLAY_PSTRING
00.001A13r 0  20 rr rr     >  jsr DISPLAY_NEXT_LINE
00.001A16r 0  4C rr rr     >  jmp test_done
00.001A19r 0  A9 00        >  lda #expected_taken
00.001A1Br 0  D0 09        >  bne taken_ok
00.001A1Dr 0               >  mark_branch_test_failed
00.001A1Dr 0  A9 A3        >>  lda #TEST_FAIL_COLOR
00.001A1Fr 0  85 rr        >>  sta CURRENT_COLOR
00.001A21r 0  A9 01        >>  lda #1
00.001A23r 0  8D rr rr     >>  sta fail_flag
00.001A26r 0               >  load16 DISPLAY_PTR, test_branch_taken
00.001A26r 0  A9 rr        >>  LDA #<IMM
00.001A28r 0  85 rr        >>  STA PTR
00.001A2Ar 0  A9 rr        >>  LDA #>IMM
00.001A2Cr 0  85 rr        >>  STA PTR + 1
00.001A2Er 0  20 rr rr     >  jsr DISPLAY_PSTRING
00.001A31r 0  20 rr rr     >  jsr DISPLAY_NEXT_LINE
00.001A34r 0  AD rr rr     >  lda fail_flag
00.001A37r 0  F0 03        >  beq exit2
00.001A39r 0  4C rr rr     >  jmp freeze_it
00.001A3Cr 0               > exit2:
00.001A3Cr 2                   create_a_compare_test "IF A GT 0,1 ", if_a_gt, $00, $01, BRANCH_NOT_TAKEN
00.001A3Cr 0  4C rr rr     >  jmp test_start
00.001A3Fr 0               >  pstring test_name
00.001A3Fr 0  0C 49 46 20  >>  .BYTE .STRLEN(str), str
00.001A43r 0  41 20 47 54  
00.001A47r 0  20 30 2C 31  
00.001A4Br 0  20           
00.001A4Cr 0  A9 6F        >  lda #DEFAULT_COLOR
00.001A4Er 0  85 rr        >  sta CURRENT_COLOR
00.001A50r 0               >  load16 DISPLAY_PTR, test_string
00.001A50r 0  A9 rr        >>  LDA #<IMM
00.001A52r 0  85 rr        >>  STA PTR
00.001A54r 0  A9 rr        >>  LDA #>IMM
00.001A56r 0  85 rr        >>  STA PTR + 1
00.001A58r 0  20 rr rr     >  jsr DISPLAY_PSTRING
00.001A5Br 0  A9 00        >  lda #a_value
00.001A5Dr 0               >  macroopcode compare_value, did_branch
00.001A5Dr 0  C9 01        >>  CMP #value
00.001A5Fr 0  F0 02        >>  BEQ @skip
00.001A61r 0  B0 1E        >>  BCS target
00.001A63r 0  A9 00        >  lda #expected_taken
00.001A65r 0  F0 09        >  beq not_taken_ok
00.001A67r 0               >  mark_branch_test_failed
00.001A67r 0  A9 A3        >>  lda #TEST_FAIL_COLOR
00.001A69r 0  85 rr        >>  sta CURRENT_COLOR
00.001A6Br 0  A9 01        >>  lda #1
00.001A6Dr 0  8D rr rr     >>  sta fail_flag
00.001A70r 0               >  load16 DISPLAY_PTR, test_branch_not_taken
00.001A70r 0  A9 rr        >>  LDA #<IMM
00.001A72r 0  85 rr        >>  STA PTR
00.001A74r 0  A9 rr        >>  LDA #>IMM
00.001A76r 0  85 rr        >>  STA PTR + 1
00.001A78r 0  20 rr rr     >  jsr DISPLAY_PSTRING
00.001A7Br 0  20 rr rr     >  jsr DISPLAY_NEXT_LINE
00.001A7Er 0  4C rr rr     >  jmp test_done
00.001A81r 0  A9 00        >  lda #expected_taken
00.001A83r 0  D0 09        >  bne taken_ok
00.001A85r 0               >  mark_branch_test_failed
00.001A85r 0  A9 A3        >>  lda #TEST_FAIL_COLOR
00.001A87r 0  85 rr        >>  sta CURRENT_COLOR
00.001A89r 0  A9 01        >>  lda #1
00.001A8Br 0  8D rr rr     >>  sta fail_flag
00.001A8Er 0               >  load16 DISPLAY_PTR, test_branch_taken
00.001A8Er 0  A9 rr        >>  LDA #<IMM
00.001A90r 0  85 rr        >>  STA PTR
00.001A92r 0  A9 rr        >>  LDA #>IMM
00.001A94r 0  85 rr        >>  STA PTR + 1
00.001A96r 0  20 rr rr     >  jsr DISPLAY_PSTRING
00.001A99r 0  20 rr rr     >  jsr DISPLAY_NEXT_LINE
00.001A9Cr 0  AD rr rr     >  lda fail_flag
00.001A9Fr 0  F0 03        >  beq exit2
00.001AA1r 0  4C rr rr     >  jmp freeze_it
00.001AA4r 0               > exit2:
00.001AA4r 2               
00.001AA4r 2                   ; A <= immediate, unsigned
00.001AA4r 2                   create_a_compare_test "IF A LE 0,1 ", if_a_le, $00, $01, BRANCH_TAKEN
00.001AA4r 0  4C rr rr     >  jmp test_start
00.001AA7r 0               >  pstring test_name
00.001AA7r 0  0C 49 46 20  >>  .BYTE .STRLEN(str), str
00.001AABr 0  41 20 4C 45  
00.001AAFr 0  20 30 2C 31  
00.001AB3r 0  20           
00.001AB4r 0  A9 6F        >  lda #DEFAULT_COLOR
00.001AB6r 0  85 rr        >  sta CURRENT_COLOR
00.001AB8r 0               >  load16 DISPLAY_PTR, test_string
00.001AB8r 0  A9 rr        >>  LDA #<IMM
00.001ABAr 0  85 rr        >>  STA PTR
00.001ABCr 0  A9 rr        >>  LDA #>IMM
00.001ABEr 0  85 rr        >>  STA PTR + 1
00.001AC0r 0  20 rr rr     >  jsr DISPLAY_PSTRING
00.001AC3r 0  A9 00        >  lda #a_value
00.001AC5r 0               >  macroopcode compare_value, did_branch
00.001AC5r 0  C9 01        >>  CMP #value
00.001AC7r 0  F0 20        >>  BEQ target
00.001AC9r 0  90 1E        >>  BCC target
00.001ACBr 0  A9 01        >  lda #expected_taken
00.001ACDr 0  F0 09        >  beq not_taken_ok
00.001ACFr 0               >  mark_branch_test_failed
00.001ACFr 0  A9 A3        >>  lda #TEST_FAIL_COLOR
00.001AD1r 0  85 rr        >>  sta CURRENT_COLOR
00.001AD3r 0  A9 01        >>  lda #1
00.001AD5r 0  8D rr rr     >>  sta fail_flag
00.001AD8r 0               >  load16 DISPLAY_PTR, test_branch_not_taken
00.001AD8r 0  A9 rr        >>  LDA #<IMM
00.001ADAr 0  85 rr        >>  STA PTR
00.001ADCr 0  A9 rr        >>  LDA #>IMM
00.001ADEr 0  85 rr        >>  STA PTR + 1
00.001AE0r 0  20 rr rr     >  jsr DISPLAY_PSTRING
00.001AE3r 0  20 rr rr     >  jsr DISPLAY_NEXT_LINE
00.001AE6r 0  4C rr rr     >  jmp test_done
00.001AE9r 0  A9 01        >  lda #expected_taken
00.001AEBr 0  D0 09        >  bne taken_ok
00.001AEDr 0               >  mark_branch_test_failed
00.001AEDr 0  A9 A3        >>  lda #TEST_FAIL_COLOR
00.001AEFr 0  85 rr        >>  sta CURRENT_COLOR
00.001AF1r 0  A9 01        >>  lda #1
00.001AF3r 0  8D rr rr     >>  sta fail_flag
00.001AF6r 0               >  load16 DISPLAY_PTR, test_branch_taken
00.001AF6r 0  A9 rr        >>  LDA #<IMM
00.001AF8r 0  85 rr        >>  STA PTR
00.001AFAr 0  A9 rr        >>  LDA #>IMM
00.001AFCr 0  85 rr        >>  STA PTR + 1
00.001AFEr 0  20 rr rr     >  jsr DISPLAY_PSTRING
00.001B01r 0  20 rr rr     >  jsr DISPLAY_NEXT_LINE
00.001B04r 0  AD rr rr     >  lda fail_flag
00.001B07r 0  F0 03        >  beq exit2
00.001B09r 0  4C rr rr     >  jmp freeze_it
00.001B0Cr 0               > exit2:
00.001B0Cr 2                   create_a_compare_test "IF A LE 1,1 ", if_a_le, $01, $01, BRANCH_TAKEN
00.001B0Cr 0  4C rr rr     >  jmp test_start
00.001B0Fr 0               >  pstring test_name
00.001B0Fr 0  0C 49 46 20  >>  .BYTE .STRLEN(str), str
00.001B13r 0  41 20 4C 45  
00.001B17r 0  20 31 2C 31  
00.001B1Br 0  20           
00.001B1Cr 0  A9 6F        >  lda #DEFAULT_COLOR
00.001B1Er 0  85 rr        >  sta CURRENT_COLOR
00.001B20r 0               >  load16 DISPLAY_PTR, test_string
00.001B20r 0  A9 rr        >>  LDA #<IMM
00.001B22r 0  85 rr        >>  STA PTR
00.001B24r 0  A9 rr        >>  LDA #>IMM
00.001B26r 0  85 rr        >>  STA PTR + 1
00.001B28r 0  20 rr rr     >  jsr DISPLAY_PSTRING
00.001B2Br 0  A9 01        >  lda #a_value
00.001B2Dr 0               >  macroopcode compare_value, did_branch
00.001B2Dr 0  C9 01        >>  CMP #value
00.001B2Fr 0  F0 20        >>  BEQ target
00.001B31r 0  90 1E        >>  BCC target
00.001B33r 0  A9 01        >  lda #expected_taken
00.001B35r 0  F0 09        >  beq not_taken_ok
00.001B37r 0               >  mark_branch_test_failed
00.001B37r 0  A9 A3        >>  lda #TEST_FAIL_COLOR
00.001B39r 0  85 rr        >>  sta CURRENT_COLOR
00.001B3Br 0  A9 01        >>  lda #1
00.001B3Dr 0  8D rr rr     >>  sta fail_flag
00.001B40r 0               >  load16 DISPLAY_PTR, test_branch_not_taken
00.001B40r 0  A9 rr        >>  LDA #<IMM
00.001B42r 0  85 rr        >>  STA PTR
00.001B44r 0  A9 rr        >>  LDA #>IMM
00.001B46r 0  85 rr        >>  STA PTR + 1
00.001B48r 0  20 rr rr     >  jsr DISPLAY_PSTRING
00.001B4Br 0  20 rr rr     >  jsr DISPLAY_NEXT_LINE
00.001B4Er 0  4C rr rr     >  jmp test_done
00.001B51r 0  A9 01        >  lda #expected_taken
00.001B53r 0  D0 09        >  bne taken_ok
00.001B55r 0               >  mark_branch_test_failed
00.001B55r 0  A9 A3        >>  lda #TEST_FAIL_COLOR
00.001B57r 0  85 rr        >>  sta CURRENT_COLOR
00.001B59r 0  A9 01        >>  lda #1
00.001B5Br 0  8D rr rr     >>  sta fail_flag
00.001B5Er 0               >  load16 DISPLAY_PTR, test_branch_taken
00.001B5Er 0  A9 rr        >>  LDA #<IMM
00.001B60r 0  85 rr        >>  STA PTR
00.001B62r 0  A9 rr        >>  LDA #>IMM
00.001B64r 0  85 rr        >>  STA PTR + 1
00.001B66r 0  20 rr rr     >  jsr DISPLAY_PSTRING
00.001B69r 0  20 rr rr     >  jsr DISPLAY_NEXT_LINE
00.001B6Cr 0  AD rr rr     >  lda fail_flag
00.001B6Fr 0  F0 03        >  beq exit2
00.001B71r 0  4C rr rr     >  jmp freeze_it
00.001B74r 0               > exit2:
00.001B74r 2                   create_a_compare_test "IF A LE 2,1 ", if_a_le, $02, $01, BRANCH_NOT_TAKEN
00.001B74r 0  4C rr rr     >  jmp test_start
00.001B77r 0               >  pstring test_name
00.001B77r 0  0C 49 46 20  >>  .BYTE .STRLEN(str), str
00.001B7Br 0  41 20 4C 45  
00.001B7Fr 0  20 32 2C 31  
00.001B83r 0  20           
00.001B84r 0  A9 6F        >  lda #DEFAULT_COLOR
00.001B86r 0  85 rr        >  sta CURRENT_COLOR
00.001B88r 0               >  load16 DISPLAY_PTR, test_string
00.001B88r 0  A9 rr        >>  LDA #<IMM
00.001B8Ar 0  85 rr        >>  STA PTR
00.001B8Cr 0  A9 rr        >>  LDA #>IMM
00.001B8Er 0  85 rr        >>  STA PTR + 1
00.001B90r 0  20 rr rr     >  jsr DISPLAY_PSTRING
00.001B93r 0  A9 02        >  lda #a_value
00.001B95r 0               >  macroopcode compare_value, did_branch
00.001B95r 0  C9 01        >>  CMP #value
00.001B97r 0  F0 20        >>  BEQ target
00.001B99r 0  90 1E        >>  BCC target
00.001B9Br 0  A9 00        >  lda #expected_taken
00.001B9Dr 0  F0 09        >  beq not_taken_ok
00.001B9Fr 0               >  mark_branch_test_failed
00.001B9Fr 0  A9 A3        >>  lda #TEST_FAIL_COLOR
00.001BA1r 0  85 rr        >>  sta CURRENT_COLOR
00.001BA3r 0  A9 01        >>  lda #1
00.001BA5r 0  8D rr rr     >>  sta fail_flag
00.001BA8r 0               >  load16 DISPLAY_PTR, test_branch_not_taken
00.001BA8r 0  A9 rr        >>  LDA #<IMM
00.001BAAr 0  85 rr        >>  STA PTR
00.001BACr 0  A9 rr        >>  LDA #>IMM
00.001BAEr 0  85 rr        >>  STA PTR + 1
00.001BB0r 0  20 rr rr     >  jsr DISPLAY_PSTRING
00.001BB3r 0  20 rr rr     >  jsr DISPLAY_NEXT_LINE
00.001BB6r 0  4C rr rr     >  jmp test_done
00.001BB9r 0  A9 00        >  lda #expected_taken
00.001BBBr 0  D0 09        >  bne taken_ok
00.001BBDr 0               >  mark_branch_test_failed
00.001BBDr 0  A9 A3        >>  lda #TEST_FAIL_COLOR
00.001BBFr 0  85 rr        >>  sta CURRENT_COLOR
00.001BC1r 0  A9 01        >>  lda #1
00.001BC3r 0  8D rr rr     >>  sta fail_flag
00.001BC6r 0               >  load16 DISPLAY_PTR, test_branch_taken
00.001BC6r 0  A9 rr        >>  LDA #<IMM
00.001BC8r 0  85 rr        >>  STA PTR
00.001BCAr 0  A9 rr        >>  LDA #>IMM
00.001BCCr 0  85 rr        >>  STA PTR + 1
00.001BCEr 0  20 rr rr     >  jsr DISPLAY_PSTRING
00.001BD1r 0  20 rr rr     >  jsr DISPLAY_NEXT_LINE
00.001BD4r 0  AD rr rr     >  lda fail_flag
00.001BD7r 0  F0 03        >  beq exit2
00.001BD9r 0  4C rr rr     >  jmp freeze_it
00.001BDCr 0               > exit2:
00.001BDCr 2               
00.001BDCr 2               
00.001BDCr 2                   ; ========================================================================
00.001BDCr 2                   ; 4. SMART LONG-JUMP MACROS
00.001BDCr 2                   ; ========================================================================
00.001BDCr 2               
00.001BDCr 2                   ; JEQ
00.001BDCr 2                   create_long_branch_test "JEQ 1 == 1 ", jeq, $01, $01, BRANCH_TAKEN
00.001BDCr 0  4C rr rr     >  jmp test_start
00.001BDFr 0  A9 01        >  lda #1
00.001BE1r 0  85 rr        >  sta branch_test_actual
00.001BE3r 0  4C rr rr     >  jmp evaluate_result
00.001BE6r 0  EA           >>  nop
00.001BE7r 0  EA           >>  nop
00.001BE8r 0  EA           >>  nop
00.001BE9r 0  EA           >>  nop
00.001BEAr 0  EA           >>  nop
00.001BEBr 0  EA           >>  nop
00.001BECr 0  EA           >>  nop
00.001BEDr 0  EA           >>  nop
00.001BEEr 0  EA           >>  nop
00.001BEFr 0  EA           >>  nop
00.001BF0r 0  EA           >>  nop
00.001BF1r 0  EA           >>  nop
00.001BF2r 0  EA           >>  nop
00.001BF3r 0  EA           >>  nop
00.001BF4r 0  EA           >>  nop
00.001BF5r 0  EA           >>  nop
00.001BF6r 0  EA           >>  nop
00.001BF7r 0  EA           >>  nop
00.001BF8r 0  EA           >>  nop
00.001BF9r 0  EA           >>  nop
00.001BFAr 0  EA           >>  nop
00.001BFBr 0  EA           >>  nop
00.001BFCr 0  EA           >>  nop
00.001BFDr 0  EA           >>  nop
00.001BFEr 0  EA           >>  nop
00.001BFFr 0  EA           >>  nop
00.001C00r 0  EA           >>  nop
00.001C01r 0  EA           >>  nop
00.001C02r 0  EA           >>  nop
00.001C03r 0  EA           >>  nop
00.001C04r 0  EA           >>  nop
00.001C05r 0  EA           >>  nop
00.001C06r 0  EA           >>  nop
00.001C07r 0  EA           >>  nop
00.001C08r 0  EA           >>  nop
00.001C09r 0  EA           >>  nop
00.001C0Ar 0  EA           >>  nop
00.001C0Br 0  EA           >>  nop
00.001C0Cr 0  EA           >>  nop
00.001C0Dr 0  EA           >>  nop
00.001C0Er 0  EA           >>  nop
00.001C0Fr 0  EA           >>  nop
00.001C10r 0  EA           >>  nop
00.001C11r 0  EA           >>  nop
00.001C12r 0  EA           >>  nop
00.001C13r 0  EA           >>  nop
00.001C14r 0  EA           >>  nop
00.001C15r 0  EA           >>  nop
00.001C16r 0  EA           >>  nop
00.001C17r 0  EA           >>  nop
00.001C18r 0  EA           >>  nop
00.001C19r 0  EA           >>  nop
00.001C1Ar 0  EA           >>  nop
00.001C1Br 0  EA           >>  nop
00.001C1Cr 0  EA           >>  nop
00.001C1Dr 0  EA           >>  nop
00.001C1Er 0  EA           >>  nop
00.001C1Fr 0  EA           >>  nop
00.001C20r 0  EA           >>  nop
00.001C21r 0  EA           >>  nop
00.001C22r 0  EA           >>  nop
00.001C23r 0  EA           >>  nop
00.001C24r 0  EA           >>  nop
00.001C25r 0  EA           >>  nop
00.001C26r 0  EA           >>  nop
00.001C27r 0  EA           >>  nop
00.001C28r 0  EA           >>  nop
00.001C29r 0  EA           >>  nop
00.001C2Ar 0  EA           >>  nop
00.001C2Br 0  EA           >>  nop
00.001C2Cr 0  EA           >>  nop
00.001C2Dr 0  EA           >>  nop
00.001C2Er 0  EA           >>  nop
00.001C2Fr 0  EA           >>  nop
00.001C30r 0  EA           >>  nop
00.001C31r 0  EA           >>  nop
00.001C32r 0  EA           >>  nop
00.001C33r 0  EA           >>  nop
00.001C34r 0  EA           >>  nop
00.001C35r 0  EA           >>  nop
00.001C36r 0  EA           >>  nop
00.001C37r 0  EA           >>  nop
00.001C38r 0  EA           >>  nop
00.001C39r 0  EA           >>  nop
00.001C3Ar 0  EA           >>  nop
00.001C3Br 0  EA           >>  nop
00.001C3Cr 0  EA           >>  nop
00.001C3Dr 0  EA           >>  nop
00.001C3Er 0  EA           >>  nop
00.001C3Fr 0  EA           >>  nop
00.001C40r 0  EA           >>  nop
00.001C41r 0  EA           >>  nop
00.001C42r 0  EA           >>  nop
00.001C43r 0  EA           >>  nop
00.001C44r 0  EA           >>  nop
00.001C45r 0  EA           >>  nop
00.001C46r 0  EA           >>  nop
00.001C47r 0  EA           >>  nop
00.001C48r 0  EA           >>  nop
00.001C49r 0  EA           >>  nop
00.001C4Ar 0  EA           >>  nop
00.001C4Br 0  EA           >>  nop
00.001C4Cr 0  EA           >>  nop
00.001C4Dr 0  EA           >>  nop
00.001C4Er 0  EA           >>  nop
00.001C4Fr 0  EA           >>  nop
00.001C50r 0  EA           >>  nop
00.001C51r 0  EA           >>  nop
00.001C52r 0  EA           >>  nop
00.001C53r 0  EA           >>  nop
00.001C54r 0  EA           >>  nop
00.001C55r 0  EA           >>  nop
00.001C56r 0  EA           >>  nop
00.001C57r 0  EA           >>  nop
00.001C58r 0  EA           >>  nop
00.001C59r 0  EA           >>  nop
00.001C5Ar 0  EA           >>  nop
00.001C5Br 0  EA           >>  nop
00.001C5Cr 0  EA           >>  nop
00.001C5Dr 0  EA           >>  nop
00.001C5Er 0  EA           >>  nop
00.001C5Fr 0  EA           >>  nop
00.001C60r 0  EA           >>  nop
00.001C61r 0  EA           >>  nop
00.001C62r 0  EA           >>  nop
00.001C63r 0  EA           >>  nop
00.001C64r 0  EA           >>  nop
00.001C65r 0  EA           >>  nop
00.001C66r 0  EA           >>  nop
00.001C67r 0  EA           >>  nop
00.001C68r 0  EA           >>  nop
00.001C69r 0  EA           >>  nop
00.001C6Ar 0               >  pstring test_name
00.001C6Ar 0  0B 4A 45 51  >>  .BYTE .STRLEN(str), str
00.001C6Er 0  20 31 20 3D  
00.001C72r 0  3D 20 31 20  
00.001C76r 0  A9 6F        >  lda #DEFAULT_COLOR
00.001C78r 0  85 rr        >  sta CURRENT_COLOR
00.001C7Ar 0               >  load16 DISPLAY_PTR, test_string
00.001C7Ar 0  A9 rr        >>  LDA #<IMM
00.001C7Cr 0  85 rr        >>  STA PTR
00.001C7Er 0  A9 rr        >>  LDA #>IMM
00.001C80r 0  85 rr        >>  STA PTR + 1
00.001C82r 0  20 rr rr     >  jsr DISPLAY_PSTRING
00.001C85r 0  A9 00        >  lda #0
00.001C87r 0  85 rr        >  sta branch_test_actual
00.001C89r 0  A9 01        >  lda #val1
00.001C8Br 0  C9 01        >  cmp #val2
00.001C8Dr 0               >  macroopcode far_branch_target
00.001C8Dr 0               >>  check_branch_distance target, JEQ, BEQ
00.001C8Dr 0  D0 03        >>  BNE @skip
00.001C8Fr 0  4C rr rr     >>  JMP target
00.001C92r 0  A5 rr        >  lda branch_test_actual
00.001C94r 0  D0 1E        >  bne actual_taken
00.001C96r 0  A9 01        >  lda #expected_taken
00.001C98r 0  F0 09        >  beq not_taken_ok
00.001C9Ar 0               >  mark_branch_test_failed
00.001C9Ar 0  A9 A3        >>  lda #TEST_FAIL_COLOR
00.001C9Cr 0  85 rr        >>  sta CURRENT_COLOR
00.001C9Er 0  A9 01        >>  lda #1
00.001CA0r 0  8D rr rr     >>  sta fail_flag
00.001CA3r 0               >  load16 DISPLAY_PTR, test_branch_not_taken
00.001CA3r 0  A9 rr        >>  LDA #<IMM
00.001CA5r 0  85 rr        >>  STA PTR
00.001CA7r 0  A9 rr        >>  LDA #>IMM
00.001CA9r 0  85 rr        >>  STA PTR + 1
00.001CABr 0  20 rr rr     >  jsr DISPLAY_PSTRING
00.001CAEr 0  20 rr rr     >  jsr DISPLAY_NEXT_LINE
00.001CB1r 0  4C rr rr     >  jmp test_done
00.001CB4r 0  A9 01        >  lda #expected_taken
00.001CB6r 0  D0 09        >  bne taken_ok
00.001CB8r 0               >  mark_branch_test_failed
00.001CB8r 0  A9 A3        >>  lda #TEST_FAIL_COLOR
00.001CBAr 0  85 rr        >>  sta CURRENT_COLOR
00.001CBCr 0  A9 01        >>  lda #1
00.001CBEr 0  8D rr rr     >>  sta fail_flag
00.001CC1r 0               >  load16 DISPLAY_PTR, test_branch_taken
00.001CC1r 0  A9 rr        >>  LDA #<IMM
00.001CC3r 0  85 rr        >>  STA PTR
00.001CC5r 0  A9 rr        >>  LDA #>IMM
00.001CC7r 0  85 rr        >>  STA PTR + 1
00.001CC9r 0  20 rr rr     >  jsr DISPLAY_PSTRING
00.001CCCr 0  20 rr rr     >  jsr DISPLAY_NEXT_LINE
00.001CCFr 0  AD rr rr     >  lda fail_flag
00.001CD2r 0  F0 03        >  beq exit2
00.001CD4r 0  4C rr rr     >  jmp freeze_it
00.001CD7r 0               > exit2:
00.001CD7r 2                   create_long_branch_test "JEQ 1 == 2 ", jeq, $01, $02, BRANCH_NOT_TAKEN
00.001CD7r 0  4C rr rr     >  jmp test_start
00.001CDAr 0  A9 01        >  lda #1
00.001CDCr 0  85 rr        >  sta branch_test_actual
00.001CDEr 0  4C rr rr     >  jmp evaluate_result
00.001CE1r 0  EA           >>  nop
00.001CE2r 0  EA           >>  nop
00.001CE3r 0  EA           >>  nop
00.001CE4r 0  EA           >>  nop
00.001CE5r 0  EA           >>  nop
00.001CE6r 0  EA           >>  nop
00.001CE7r 0  EA           >>  nop
00.001CE8r 0  EA           >>  nop
00.001CE9r 0  EA           >>  nop
00.001CEAr 0  EA           >>  nop
00.001CEBr 0  EA           >>  nop
00.001CECr 0  EA           >>  nop
00.001CEDr 0  EA           >>  nop
00.001CEEr 0  EA           >>  nop
00.001CEFr 0  EA           >>  nop
00.001CF0r 0  EA           >>  nop
00.001CF1r 0  EA           >>  nop
00.001CF2r 0  EA           >>  nop
00.001CF3r 0  EA           >>  nop
00.001CF4r 0  EA           >>  nop
00.001CF5r 0  EA           >>  nop
00.001CF6r 0  EA           >>  nop
00.001CF7r 0  EA           >>  nop
00.001CF8r 0  EA           >>  nop
00.001CF9r 0  EA           >>  nop
00.001CFAr 0  EA           >>  nop
00.001CFBr 0  EA           >>  nop
00.001CFCr 0  EA           >>  nop
00.001CFDr 0  EA           >>  nop
00.001CFEr 0  EA           >>  nop
00.001CFFr 0  EA           >>  nop
00.001D00r 0  EA           >>  nop
00.001D01r 0  EA           >>  nop
00.001D02r 0  EA           >>  nop
00.001D03r 0  EA           >>  nop
00.001D04r 0  EA           >>  nop
00.001D05r 0  EA           >>  nop
00.001D06r 0  EA           >>  nop
00.001D07r 0  EA           >>  nop
00.001D08r 0  EA           >>  nop
00.001D09r 0  EA           >>  nop
00.001D0Ar 0  EA           >>  nop
00.001D0Br 0  EA           >>  nop
00.001D0Cr 0  EA           >>  nop
00.001D0Dr 0  EA           >>  nop
00.001D0Er 0  EA           >>  nop
00.001D0Fr 0  EA           >>  nop
00.001D10r 0  EA           >>  nop
00.001D11r 0  EA           >>  nop
00.001D12r 0  EA           >>  nop
00.001D13r 0  EA           >>  nop
00.001D14r 0  EA           >>  nop
00.001D15r 0  EA           >>  nop
00.001D16r 0  EA           >>  nop
00.001D17r 0  EA           >>  nop
00.001D18r 0  EA           >>  nop
00.001D19r 0  EA           >>  nop
00.001D1Ar 0  EA           >>  nop
00.001D1Br 0  EA           >>  nop
00.001D1Cr 0  EA           >>  nop
00.001D1Dr 0  EA           >>  nop
00.001D1Er 0  EA           >>  nop
00.001D1Fr 0  EA           >>  nop
00.001D20r 0  EA           >>  nop
00.001D21r 0  EA           >>  nop
00.001D22r 0  EA           >>  nop
00.001D23r 0  EA           >>  nop
00.001D24r 0  EA           >>  nop
00.001D25r 0  EA           >>  nop
00.001D26r 0  EA           >>  nop
00.001D27r 0  EA           >>  nop
00.001D28r 0  EA           >>  nop
00.001D29r 0  EA           >>  nop
00.001D2Ar 0  EA           >>  nop
00.001D2Br 0  EA           >>  nop
00.001D2Cr 0  EA           >>  nop
00.001D2Dr 0  EA           >>  nop
00.001D2Er 0  EA           >>  nop
00.001D2Fr 0  EA           >>  nop
00.001D30r 0  EA           >>  nop
00.001D31r 0  EA           >>  nop
00.001D32r 0  EA           >>  nop
00.001D33r 0  EA           >>  nop
00.001D34r 0  EA           >>  nop
00.001D35r 0  EA           >>  nop
00.001D36r 0  EA           >>  nop
00.001D37r 0  EA           >>  nop
00.001D38r 0  EA           >>  nop
00.001D39r 0  EA           >>  nop
00.001D3Ar 0  EA           >>  nop
00.001D3Br 0  EA           >>  nop
00.001D3Cr 0  EA           >>  nop
00.001D3Dr 0  EA           >>  nop
00.001D3Er 0  EA           >>  nop
00.001D3Fr 0  EA           >>  nop
00.001D40r 0  EA           >>  nop
00.001D41r 0  EA           >>  nop
00.001D42r 0  EA           >>  nop
00.001D43r 0  EA           >>  nop
00.001D44r 0  EA           >>  nop
00.001D45r 0  EA           >>  nop
00.001D46r 0  EA           >>  nop
00.001D47r 0  EA           >>  nop
00.001D48r 0  EA           >>  nop
00.001D49r 0  EA           >>  nop
00.001D4Ar 0  EA           >>  nop
00.001D4Br 0  EA           >>  nop
00.001D4Cr 0  EA           >>  nop
00.001D4Dr 0  EA           >>  nop
00.001D4Er 0  EA           >>  nop
00.001D4Fr 0  EA           >>  nop
00.001D50r 0  EA           >>  nop
00.001D51r 0  EA           >>  nop
00.001D52r 0  EA           >>  nop
00.001D53r 0  EA           >>  nop
00.001D54r 0  EA           >>  nop
00.001D55r 0  EA           >>  nop
00.001D56r 0  EA           >>  nop
00.001D57r 0  EA           >>  nop
00.001D58r 0  EA           >>  nop
00.001D59r 0  EA           >>  nop
00.001D5Ar 0  EA           >>  nop
00.001D5Br 0  EA           >>  nop
00.001D5Cr 0  EA           >>  nop
00.001D5Dr 0  EA           >>  nop
00.001D5Er 0  EA           >>  nop
00.001D5Fr 0  EA           >>  nop
00.001D60r 0  EA           >>  nop
00.001D61r 0  EA           >>  nop
00.001D62r 0  EA           >>  nop
00.001D63r 0  EA           >>  nop
00.001D64r 0  EA           >>  nop
00.001D65r 0               >  pstring test_name
00.001D65r 0  0B 4A 45 51  >>  .BYTE .STRLEN(str), str
00.001D69r 0  20 31 20 3D  
00.001D6Dr 0  3D 20 32 20  
00.001D71r 0  A9 6F        >  lda #DEFAULT_COLOR
00.001D73r 0  85 rr        >  sta CURRENT_COLOR
00.001D75r 0               >  load16 DISPLAY_PTR, test_string
00.001D75r 0  A9 rr        >>  LDA #<IMM
00.001D77r 0  85 rr        >>  STA PTR
00.001D79r 0  A9 rr        >>  LDA #>IMM
00.001D7Br 0  85 rr        >>  STA PTR + 1
00.001D7Dr 0  20 rr rr     >  jsr DISPLAY_PSTRING
00.001D80r 0  A9 00        >  lda #0
00.001D82r 0  85 rr        >  sta branch_test_actual
00.001D84r 0  A9 01        >  lda #val1
00.001D86r 0  C9 02        >  cmp #val2
00.001D88r 0               >  macroopcode far_branch_target
00.001D88r 0               >>  check_branch_distance target, JEQ, BEQ
00.001D88r 0  D0 03        >>  BNE @skip
00.001D8Ar 0  4C rr rr     >>  JMP target
00.001D8Dr 0  A5 rr        >  lda branch_test_actual
00.001D8Fr 0  D0 1E        >  bne actual_taken
00.001D91r 0  A9 00        >  lda #expected_taken
00.001D93r 0  F0 09        >  beq not_taken_ok
00.001D95r 0               >  mark_branch_test_failed
00.001D95r 0  A9 A3        >>  lda #TEST_FAIL_COLOR
00.001D97r 0  85 rr        >>  sta CURRENT_COLOR
00.001D99r 0  A9 01        >>  lda #1
00.001D9Br 0  8D rr rr     >>  sta fail_flag
00.001D9Er 0               >  load16 DISPLAY_PTR, test_branch_not_taken
00.001D9Er 0  A9 rr        >>  LDA #<IMM
00.001DA0r 0  85 rr        >>  STA PTR
00.001DA2r 0  A9 rr        >>  LDA #>IMM
00.001DA4r 0  85 rr        >>  STA PTR + 1
00.001DA6r 0  20 rr rr     >  jsr DISPLAY_PSTRING
00.001DA9r 0  20 rr rr     >  jsr DISPLAY_NEXT_LINE
00.001DACr 0  4C rr rr     >  jmp test_done
00.001DAFr 0  A9 00        >  lda #expected_taken
00.001DB1r 0  D0 09        >  bne taken_ok
00.001DB3r 0               >  mark_branch_test_failed
00.001DB3r 0  A9 A3        >>  lda #TEST_FAIL_COLOR
00.001DB5r 0  85 rr        >>  sta CURRENT_COLOR
00.001DB7r 0  A9 01        >>  lda #1
00.001DB9r 0  8D rr rr     >>  sta fail_flag
00.001DBCr 0               >  load16 DISPLAY_PTR, test_branch_taken
00.001DBCr 0  A9 rr        >>  LDA #<IMM
00.001DBEr 0  85 rr        >>  STA PTR
00.001DC0r 0  A9 rr        >>  LDA #>IMM
00.001DC2r 0  85 rr        >>  STA PTR + 1
00.001DC4r 0  20 rr rr     >  jsr DISPLAY_PSTRING
00.001DC7r 0  20 rr rr     >  jsr DISPLAY_NEXT_LINE
00.001DCAr 0  AD rr rr     >  lda fail_flag
00.001DCDr 0  F0 03        >  beq exit2
00.001DCFr 0  4C rr rr     >  jmp freeze_it
00.001DD2r 0               > exit2:
00.001DD2r 2               
00.001DD2r 2                   ; JNE
00.001DD2r 2                   create_long_branch_test "JNE 1 != 2 ", jne, $01, $02, BRANCH_TAKEN
00.001DD2r 0  4C rr rr     >  jmp test_start
00.001DD5r 0  A9 01        >  lda #1
00.001DD7r 0  85 rr        >  sta branch_test_actual
00.001DD9r 0  4C rr rr     >  jmp evaluate_result
00.001DDCr 0  EA           >>  nop
00.001DDDr 0  EA           >>  nop
00.001DDEr 0  EA           >>  nop
00.001DDFr 0  EA           >>  nop
00.001DE0r 0  EA           >>  nop
00.001DE1r 0  EA           >>  nop
00.001DE2r 0  EA           >>  nop
00.001DE3r 0  EA           >>  nop
00.001DE4r 0  EA           >>  nop
00.001DE5r 0  EA           >>  nop
00.001DE6r 0  EA           >>  nop
00.001DE7r 0  EA           >>  nop
00.001DE8r 0  EA           >>  nop
00.001DE9r 0  EA           >>  nop
00.001DEAr 0  EA           >>  nop
00.001DEBr 0  EA           >>  nop
00.001DECr 0  EA           >>  nop
00.001DEDr 0  EA           >>  nop
00.001DEEr 0  EA           >>  nop
00.001DEFr 0  EA           >>  nop
00.001DF0r 0  EA           >>  nop
00.001DF1r 0  EA           >>  nop
00.001DF2r 0  EA           >>  nop
00.001DF3r 0  EA           >>  nop
00.001DF4r 0  EA           >>  nop
00.001DF5r 0  EA           >>  nop
00.001DF6r 0  EA           >>  nop
00.001DF7r 0  EA           >>  nop
00.001DF8r 0  EA           >>  nop
00.001DF9r 0  EA           >>  nop
00.001DFAr 0  EA           >>  nop
00.001DFBr 0  EA           >>  nop
00.001DFCr 0  EA           >>  nop
00.001DFDr 0  EA           >>  nop
00.001DFEr 0  EA           >>  nop
00.001DFFr 0  EA           >>  nop
00.001E00r 0  EA           >>  nop
00.001E01r 0  EA           >>  nop
00.001E02r 0  EA           >>  nop
00.001E03r 0  EA           >>  nop
00.001E04r 0  EA           >>  nop
00.001E05r 0  EA           >>  nop
00.001E06r 0  EA           >>  nop
00.001E07r 0  EA           >>  nop
00.001E08r 0  EA           >>  nop
00.001E09r 0  EA           >>  nop
00.001E0Ar 0  EA           >>  nop
00.001E0Br 0  EA           >>  nop
00.001E0Cr 0  EA           >>  nop
00.001E0Dr 0  EA           >>  nop
00.001E0Er 0  EA           >>  nop
00.001E0Fr 0  EA           >>  nop
00.001E10r 0  EA           >>  nop
00.001E11r 0  EA           >>  nop
00.001E12r 0  EA           >>  nop
00.001E13r 0  EA           >>  nop
00.001E14r 0  EA           >>  nop
00.001E15r 0  EA           >>  nop
00.001E16r 0  EA           >>  nop
00.001E17r 0  EA           >>  nop
00.001E18r 0  EA           >>  nop
00.001E19r 0  EA           >>  nop
00.001E1Ar 0  EA           >>  nop
00.001E1Br 0  EA           >>  nop
00.001E1Cr 0  EA           >>  nop
00.001E1Dr 0  EA           >>  nop
00.001E1Er 0  EA           >>  nop
00.001E1Fr 0  EA           >>  nop
00.001E20r 0  EA           >>  nop
00.001E21r 0  EA           >>  nop
00.001E22r 0  EA           >>  nop
00.001E23r 0  EA           >>  nop
00.001E24r 0  EA           >>  nop
00.001E25r 0  EA           >>  nop
00.001E26r 0  EA           >>  nop
00.001E27r 0  EA           >>  nop
00.001E28r 0  EA           >>  nop
00.001E29r 0  EA           >>  nop
00.001E2Ar 0  EA           >>  nop
00.001E2Br 0  EA           >>  nop
00.001E2Cr 0  EA           >>  nop
00.001E2Dr 0  EA           >>  nop
00.001E2Er 0  EA           >>  nop
00.001E2Fr 0  EA           >>  nop
00.001E30r 0  EA           >>  nop
00.001E31r 0  EA           >>  nop
00.001E32r 0  EA           >>  nop
00.001E33r 0  EA           >>  nop
00.001E34r 0  EA           >>  nop
00.001E35r 0  EA           >>  nop
00.001E36r 0  EA           >>  nop
00.001E37r 0  EA           >>  nop
00.001E38r 0  EA           >>  nop
00.001E39r 0  EA           >>  nop
00.001E3Ar 0  EA           >>  nop
00.001E3Br 0  EA           >>  nop
00.001E3Cr 0  EA           >>  nop
00.001E3Dr 0  EA           >>  nop
00.001E3Er 0  EA           >>  nop
00.001E3Fr 0  EA           >>  nop
00.001E40r 0  EA           >>  nop
00.001E41r 0  EA           >>  nop
00.001E42r 0  EA           >>  nop
00.001E43r 0  EA           >>  nop
00.001E44r 0  EA           >>  nop
00.001E45r 0  EA           >>  nop
00.001E46r 0  EA           >>  nop
00.001E47r 0  EA           >>  nop
00.001E48r 0  EA           >>  nop
00.001E49r 0  EA           >>  nop
00.001E4Ar 0  EA           >>  nop
00.001E4Br 0  EA           >>  nop
00.001E4Cr 0  EA           >>  nop
00.001E4Dr 0  EA           >>  nop
00.001E4Er 0  EA           >>  nop
00.001E4Fr 0  EA           >>  nop
00.001E50r 0  EA           >>  nop
00.001E51r 0  EA           >>  nop
00.001E52r 0  EA           >>  nop
00.001E53r 0  EA           >>  nop
00.001E54r 0  EA           >>  nop
00.001E55r 0  EA           >>  nop
00.001E56r 0  EA           >>  nop
00.001E57r 0  EA           >>  nop
00.001E58r 0  EA           >>  nop
00.001E59r 0  EA           >>  nop
00.001E5Ar 0  EA           >>  nop
00.001E5Br 0  EA           >>  nop
00.001E5Cr 0  EA           >>  nop
00.001E5Dr 0  EA           >>  nop
00.001E5Er 0  EA           >>  nop
00.001E5Fr 0  EA           >>  nop
00.001E60r 0               >  pstring test_name
00.001E60r 0  0B 4A 4E 45  >>  .BYTE .STRLEN(str), str
00.001E64r 0  20 31 20 21  
00.001E68r 0  3D 20 32 20  
00.001E6Cr 0  A9 6F        >  lda #DEFAULT_COLOR
00.001E6Er 0  85 rr        >  sta CURRENT_COLOR
00.001E70r 0               >  load16 DISPLAY_PTR, test_string
00.001E70r 0  A9 rr        >>  LDA #<IMM
00.001E72r 0  85 rr        >>  STA PTR
00.001E74r 0  A9 rr        >>  LDA #>IMM
00.001E76r 0  85 rr        >>  STA PTR + 1
00.001E78r 0  20 rr rr     >  jsr DISPLAY_PSTRING
00.001E7Br 0  A9 00        >  lda #0
00.001E7Dr 0  85 rr        >  sta branch_test_actual
00.001E7Fr 0  A9 01        >  lda #val1
00.001E81r 0  C9 02        >  cmp #val2
00.001E83r 0               >  macroopcode far_branch_target
00.001E83r 0               >>  check_branch_distance target, JNE, BNE
00.001E83r 0  F0 03        >>  BEQ @skip
00.001E85r 0  4C rr rr     >>  JMP target
00.001E88r 0  A5 rr        >  lda branch_test_actual
00.001E8Ar 0  D0 1E        >  bne actual_taken
00.001E8Cr 0  A9 01        >  lda #expected_taken
00.001E8Er 0  F0 09        >  beq not_taken_ok
00.001E90r 0               >  mark_branch_test_failed
00.001E90r 0  A9 A3        >>  lda #TEST_FAIL_COLOR
00.001E92r 0  85 rr        >>  sta CURRENT_COLOR
00.001E94r 0  A9 01        >>  lda #1
00.001E96r 0  8D rr rr     >>  sta fail_flag
00.001E99r 0               >  load16 DISPLAY_PTR, test_branch_not_taken
00.001E99r 0  A9 rr        >>  LDA #<IMM
00.001E9Br 0  85 rr        >>  STA PTR
00.001E9Dr 0  A9 rr        >>  LDA #>IMM
00.001E9Fr 0  85 rr        >>  STA PTR + 1
00.001EA1r 0  20 rr rr     >  jsr DISPLAY_PSTRING
00.001EA4r 0  20 rr rr     >  jsr DISPLAY_NEXT_LINE
00.001EA7r 0  4C rr rr     >  jmp test_done
00.001EAAr 0  A9 01        >  lda #expected_taken
00.001EACr 0  D0 09        >  bne taken_ok
00.001EAEr 0               >  mark_branch_test_failed
00.001EAEr 0  A9 A3        >>  lda #TEST_FAIL_COLOR
00.001EB0r 0  85 rr        >>  sta CURRENT_COLOR
00.001EB2r 0  A9 01        >>  lda #1
00.001EB4r 0  8D rr rr     >>  sta fail_flag
00.001EB7r 0               >  load16 DISPLAY_PTR, test_branch_taken
00.001EB7r 0  A9 rr        >>  LDA #<IMM
00.001EB9r 0  85 rr        >>  STA PTR
00.001EBBr 0  A9 rr        >>  LDA #>IMM
00.001EBDr 0  85 rr        >>  STA PTR + 1
00.001EBFr 0  20 rr rr     >  jsr DISPLAY_PSTRING
00.001EC2r 0  20 rr rr     >  jsr DISPLAY_NEXT_LINE
00.001EC5r 0  AD rr rr     >  lda fail_flag
00.001EC8r 0  F0 03        >  beq exit2
00.001ECAr 0  4C rr rr     >  jmp freeze_it
00.001ECDr 0               > exit2:
00.001ECDr 2                   create_long_branch_test "JNE 1 != 1 ", jne, $01, $01, BRANCH_NOT_TAKEN
00.001ECDr 0  4C rr rr     >  jmp test_start
00.001ED0r 0  A9 01        >  lda #1
00.001ED2r 0  85 rr        >  sta branch_test_actual
00.001ED4r 0  4C rr rr     >  jmp evaluate_result
00.001ED7r 0  EA           >>  nop
00.001ED8r 0  EA           >>  nop
00.001ED9r 0  EA           >>  nop
00.001EDAr 0  EA           >>  nop
00.001EDBr 0  EA           >>  nop
00.001EDCr 0  EA           >>  nop
00.001EDDr 0  EA           >>  nop
00.001EDEr 0  EA           >>  nop
00.001EDFr 0  EA           >>  nop
00.001EE0r 0  EA           >>  nop
00.001EE1r 0  EA           >>  nop
00.001EE2r 0  EA           >>  nop
00.001EE3r 0  EA           >>  nop
00.001EE4r 0  EA           >>  nop
00.001EE5r 0  EA           >>  nop
00.001EE6r 0  EA           >>  nop
00.001EE7r 0  EA           >>  nop
00.001EE8r 0  EA           >>  nop
00.001EE9r 0  EA           >>  nop
00.001EEAr 0  EA           >>  nop
00.001EEBr 0  EA           >>  nop
00.001EECr 0  EA           >>  nop
00.001EEDr 0  EA           >>  nop
00.001EEEr 0  EA           >>  nop
00.001EEFr 0  EA           >>  nop
00.001EF0r 0  EA           >>  nop
00.001EF1r 0  EA           >>  nop
00.001EF2r 0  EA           >>  nop
00.001EF3r 0  EA           >>  nop
00.001EF4r 0  EA           >>  nop
00.001EF5r 0  EA           >>  nop
00.001EF6r 0  EA           >>  nop
00.001EF7r 0  EA           >>  nop
00.001EF8r 0  EA           >>  nop
00.001EF9r 0  EA           >>  nop
00.001EFAr 0  EA           >>  nop
00.001EFBr 0  EA           >>  nop
00.001EFCr 0  EA           >>  nop
00.001EFDr 0  EA           >>  nop
00.001EFEr 0  EA           >>  nop
00.001EFFr 0  EA           >>  nop
00.001F00r 0  EA           >>  nop
00.001F01r 0  EA           >>  nop
00.001F02r 0  EA           >>  nop
00.001F03r 0  EA           >>  nop
00.001F04r 0  EA           >>  nop
00.001F05r 0  EA           >>  nop
00.001F06r 0  EA           >>  nop
00.001F07r 0  EA           >>  nop
00.001F08r 0  EA           >>  nop
00.001F09r 0  EA           >>  nop
00.001F0Ar 0  EA           >>  nop
00.001F0Br 0  EA           >>  nop
00.001F0Cr 0  EA           >>  nop
00.001F0Dr 0  EA           >>  nop
00.001F0Er 0  EA           >>  nop
00.001F0Fr 0  EA           >>  nop
00.001F10r 0  EA           >>  nop
00.001F11r 0  EA           >>  nop
00.001F12r 0  EA           >>  nop
00.001F13r 0  EA           >>  nop
00.001F14r 0  EA           >>  nop
00.001F15r 0  EA           >>  nop
00.001F16r 0  EA           >>  nop
00.001F17r 0  EA           >>  nop
00.001F18r 0  EA           >>  nop
00.001F19r 0  EA           >>  nop
00.001F1Ar 0  EA           >>  nop
00.001F1Br 0  EA           >>  nop
00.001F1Cr 0  EA           >>  nop
00.001F1Dr 0  EA           >>  nop
00.001F1Er 0  EA           >>  nop
00.001F1Fr 0  EA           >>  nop
00.001F20r 0  EA           >>  nop
00.001F21r 0  EA           >>  nop
00.001F22r 0  EA           >>  nop
00.001F23r 0  EA           >>  nop
00.001F24r 0  EA           >>  nop
00.001F25r 0  EA           >>  nop
00.001F26r 0  EA           >>  nop
00.001F27r 0  EA           >>  nop
00.001F28r 0  EA           >>  nop
00.001F29r 0  EA           >>  nop
00.001F2Ar 0  EA           >>  nop
00.001F2Br 0  EA           >>  nop
00.001F2Cr 0  EA           >>  nop
00.001F2Dr 0  EA           >>  nop
00.001F2Er 0  EA           >>  nop
00.001F2Fr 0  EA           >>  nop
00.001F30r 0  EA           >>  nop
00.001F31r 0  EA           >>  nop
00.001F32r 0  EA           >>  nop
00.001F33r 0  EA           >>  nop
00.001F34r 0  EA           >>  nop
00.001F35r 0  EA           >>  nop
00.001F36r 0  EA           >>  nop
00.001F37r 0  EA           >>  nop
00.001F38r 0  EA           >>  nop
00.001F39r 0  EA           >>  nop
00.001F3Ar 0  EA           >>  nop
00.001F3Br 0  EA           >>  nop
00.001F3Cr 0  EA           >>  nop
00.001F3Dr 0  EA           >>  nop
00.001F3Er 0  EA           >>  nop
00.001F3Fr 0  EA           >>  nop
00.001F40r 0  EA           >>  nop
00.001F41r 0  EA           >>  nop
00.001F42r 0  EA           >>  nop
00.001F43r 0  EA           >>  nop
00.001F44r 0  EA           >>  nop
00.001F45r 0  EA           >>  nop
00.001F46r 0  EA           >>  nop
00.001F47r 0  EA           >>  nop
00.001F48r 0  EA           >>  nop
00.001F49r 0  EA           >>  nop
00.001F4Ar 0  EA           >>  nop
00.001F4Br 0  EA           >>  nop
00.001F4Cr 0  EA           >>  nop
00.001F4Dr 0  EA           >>  nop
00.001F4Er 0  EA           >>  nop
00.001F4Fr 0  EA           >>  nop
00.001F50r 0  EA           >>  nop
00.001F51r 0  EA           >>  nop
00.001F52r 0  EA           >>  nop
00.001F53r 0  EA           >>  nop
00.001F54r 0  EA           >>  nop
00.001F55r 0  EA           >>  nop
00.001F56r 0  EA           >>  nop
00.001F57r 0  EA           >>  nop
00.001F58r 0  EA           >>  nop
00.001F59r 0  EA           >>  nop
00.001F5Ar 0  EA           >>  nop
00.001F5Br 0               >  pstring test_name
00.001F5Br 0  0B 4A 4E 45  >>  .BYTE .STRLEN(str), str
00.001F5Fr 0  20 31 20 21  
00.001F63r 0  3D 20 31 20  
00.001F67r 0  A9 6F        >  lda #DEFAULT_COLOR
00.001F69r 0  85 rr        >  sta CURRENT_COLOR
00.001F6Br 0               >  load16 DISPLAY_PTR, test_string
00.001F6Br 0  A9 rr        >>  LDA #<IMM
00.001F6Dr 0  85 rr        >>  STA PTR
00.001F6Fr 0  A9 rr        >>  LDA #>IMM
00.001F71r 0  85 rr        >>  STA PTR + 1
00.001F73r 0  20 rr rr     >  jsr DISPLAY_PSTRING
00.001F76r 0  A9 00        >  lda #0
00.001F78r 0  85 rr        >  sta branch_test_actual
00.001F7Ar 0  A9 01        >  lda #val1
00.001F7Cr 0  C9 01        >  cmp #val2
00.001F7Er 0               >  macroopcode far_branch_target
00.001F7Er 0               >>  check_branch_distance target, JNE, BNE
00.001F7Er 0  F0 03        >>  BEQ @skip
00.001F80r 0  4C rr rr     >>  JMP target
00.001F83r 0  A5 rr        >  lda branch_test_actual
00.001F85r 0  D0 1E        >  bne actual_taken
00.001F87r 0  A9 00        >  lda #expected_taken
00.001F89r 0  F0 09        >  beq not_taken_ok
00.001F8Br 0               >  mark_branch_test_failed
00.001F8Br 0  A9 A3        >>  lda #TEST_FAIL_COLOR
00.001F8Dr 0  85 rr        >>  sta CURRENT_COLOR
00.001F8Fr 0  A9 01        >>  lda #1
00.001F91r 0  8D rr rr     >>  sta fail_flag
00.001F94r 0               >  load16 DISPLAY_PTR, test_branch_not_taken
00.001F94r 0  A9 rr        >>  LDA #<IMM
00.001F96r 0  85 rr        >>  STA PTR
00.001F98r 0  A9 rr        >>  LDA #>IMM
00.001F9Ar 0  85 rr        >>  STA PTR + 1
00.001F9Cr 0  20 rr rr     >  jsr DISPLAY_PSTRING
00.001F9Fr 0  20 rr rr     >  jsr DISPLAY_NEXT_LINE
00.001FA2r 0  4C rr rr     >  jmp test_done
00.001FA5r 0  A9 00        >  lda #expected_taken
00.001FA7r 0  D0 09        >  bne taken_ok
00.001FA9r 0               >  mark_branch_test_failed
00.001FA9r 0  A9 A3        >>  lda #TEST_FAIL_COLOR
00.001FABr 0  85 rr        >>  sta CURRENT_COLOR
00.001FADr 0  A9 01        >>  lda #1
00.001FAFr 0  8D rr rr     >>  sta fail_flag
00.001FB2r 0               >  load16 DISPLAY_PTR, test_branch_taken
00.001FB2r 0  A9 rr        >>  LDA #<IMM
00.001FB4r 0  85 rr        >>  STA PTR
00.001FB6r 0  A9 rr        >>  LDA #>IMM
00.001FB8r 0  85 rr        >>  STA PTR + 1
00.001FBAr 0  20 rr rr     >  jsr DISPLAY_PSTRING
00.001FBDr 0  20 rr rr     >  jsr DISPLAY_NEXT_LINE
00.001FC0r 0  AD rr rr     >  lda fail_flag
00.001FC3r 0  F0 03        >  beq exit2
00.001FC5r 0  4C rr rr     >  jmp freeze_it
00.001FC8r 0               > exit2:
00.001FC8r 2               
00.001FC8r 2                   ; JLT, unsigned
00.001FC8r 2                   create_long_branch_test "JLT 0 < 1  ", jlt, $00, $01, BRANCH_TAKEN
00.001FC8r 0  4C rr rr     >  jmp test_start
00.001FCBr 0  A9 01        >  lda #1
00.001FCDr 0  85 rr        >  sta branch_test_actual
00.001FCFr 0  4C rr rr     >  jmp evaluate_result
00.001FD2r 0  EA           >>  nop
00.001FD3r 0  EA           >>  nop
00.001FD4r 0  EA           >>  nop
00.001FD5r 0  EA           >>  nop
00.001FD6r 0  EA           >>  nop
00.001FD7r 0  EA           >>  nop
00.001FD8r 0  EA           >>  nop
00.001FD9r 0  EA           >>  nop
00.001FDAr 0  EA           >>  nop
00.001FDBr 0  EA           >>  nop
00.001FDCr 0  EA           >>  nop
00.001FDDr 0  EA           >>  nop
00.001FDEr 0  EA           >>  nop
00.001FDFr 0  EA           >>  nop
00.001FE0r 0  EA           >>  nop
00.001FE1r 0  EA           >>  nop
00.001FE2r 0  EA           >>  nop
00.001FE3r 0  EA           >>  nop
00.001FE4r 0  EA           >>  nop
00.001FE5r 0  EA           >>  nop
00.001FE6r 0  EA           >>  nop
00.001FE7r 0  EA           >>  nop
00.001FE8r 0  EA           >>  nop
00.001FE9r 0  EA           >>  nop
00.001FEAr 0  EA           >>  nop
00.001FEBr 0  EA           >>  nop
00.001FECr 0  EA           >>  nop
00.001FEDr 0  EA           >>  nop
00.001FEEr 0  EA           >>  nop
00.001FEFr 0  EA           >>  nop
00.001FF0r 0  EA           >>  nop
00.001FF1r 0  EA           >>  nop
00.001FF2r 0  EA           >>  nop
00.001FF3r 0  EA           >>  nop
00.001FF4r 0  EA           >>  nop
00.001FF5r 0  EA           >>  nop
00.001FF6r 0  EA           >>  nop
00.001FF7r 0  EA           >>  nop
00.001FF8r 0  EA           >>  nop
00.001FF9r 0  EA           >>  nop
00.001FFAr 0  EA           >>  nop
00.001FFBr 0  EA           >>  nop
00.001FFCr 0  EA           >>  nop
00.001FFDr 0  EA           >>  nop
00.001FFEr 0  EA           >>  nop
00.001FFFr 0  EA           >>  nop
00.002000r 0  EA           >>  nop
00.002001r 0  EA           >>  nop
00.002002r 0  EA           >>  nop
00.002003r 0  EA           >>  nop
00.002004r 0  EA           >>  nop
00.002005r 0  EA           >>  nop
00.002006r 0  EA           >>  nop
00.002007r 0  EA           >>  nop
00.002008r 0  EA           >>  nop
00.002009r 0  EA           >>  nop
00.00200Ar 0  EA           >>  nop
00.00200Br 0  EA           >>  nop
00.00200Cr 0  EA           >>  nop
00.00200Dr 0  EA           >>  nop
00.00200Er 0  EA           >>  nop
00.00200Fr 0  EA           >>  nop
00.002010r 0  EA           >>  nop
00.002011r 0  EA           >>  nop
00.002012r 0  EA           >>  nop
00.002013r 0  EA           >>  nop
00.002014r 0  EA           >>  nop
00.002015r 0  EA           >>  nop
00.002016r 0  EA           >>  nop
00.002017r 0  EA           >>  nop
00.002018r 0  EA           >>  nop
00.002019r 0  EA           >>  nop
00.00201Ar 0  EA           >>  nop
00.00201Br 0  EA           >>  nop
00.00201Cr 0  EA           >>  nop
00.00201Dr 0  EA           >>  nop
00.00201Er 0  EA           >>  nop
00.00201Fr 0  EA           >>  nop
00.002020r 0  EA           >>  nop
00.002021r 0  EA           >>  nop
00.002022r 0  EA           >>  nop
00.002023r 0  EA           >>  nop
00.002024r 0  EA           >>  nop
00.002025r 0  EA           >>  nop
00.002026r 0  EA           >>  nop
00.002027r 0  EA           >>  nop
00.002028r 0  EA           >>  nop
00.002029r 0  EA           >>  nop
00.00202Ar 0  EA           >>  nop
00.00202Br 0  EA           >>  nop
00.00202Cr 0  EA           >>  nop
00.00202Dr 0  EA           >>  nop
00.00202Er 0  EA           >>  nop
00.00202Fr 0  EA           >>  nop
00.002030r 0  EA           >>  nop
00.002031r 0  EA           >>  nop
00.002032r 0  EA           >>  nop
00.002033r 0  EA           >>  nop
00.002034r 0  EA           >>  nop
00.002035r 0  EA           >>  nop
00.002036r 0  EA           >>  nop
00.002037r 0  EA           >>  nop
00.002038r 0  EA           >>  nop
00.002039r 0  EA           >>  nop
00.00203Ar 0  EA           >>  nop
00.00203Br 0  EA           >>  nop
00.00203Cr 0  EA           >>  nop
00.00203Dr 0  EA           >>  nop
00.00203Er 0  EA           >>  nop
00.00203Fr 0  EA           >>  nop
00.002040r 0  EA           >>  nop
00.002041r 0  EA           >>  nop
00.002042r 0  EA           >>  nop
00.002043r 0  EA           >>  nop
00.002044r 0  EA           >>  nop
00.002045r 0  EA           >>  nop
00.002046r 0  EA           >>  nop
00.002047r 0  EA           >>  nop
00.002048r 0  EA           >>  nop
00.002049r 0  EA           >>  nop
00.00204Ar 0  EA           >>  nop
00.00204Br 0  EA           >>  nop
00.00204Cr 0  EA           >>  nop
00.00204Dr 0  EA           >>  nop
00.00204Er 0  EA           >>  nop
00.00204Fr 0  EA           >>  nop
00.002050r 0  EA           >>  nop
00.002051r 0  EA           >>  nop
00.002052r 0  EA           >>  nop
00.002053r 0  EA           >>  nop
00.002054r 0  EA           >>  nop
00.002055r 0  EA           >>  nop
00.002056r 0               >  pstring test_name
00.002056r 0  0B 4A 4C 54  >>  .BYTE .STRLEN(str), str
00.00205Ar 0  20 30 20 3C  
00.00205Er 0  20 31 20 20  
00.002062r 0  A9 6F        >  lda #DEFAULT_COLOR
00.002064r 0  85 rr        >  sta CURRENT_COLOR
00.002066r 0               >  load16 DISPLAY_PTR, test_string
00.002066r 0  A9 rr        >>  LDA #<IMM
00.002068r 0  85 rr        >>  STA PTR
00.00206Ar 0  A9 rr        >>  LDA #>IMM
00.00206Cr 0  85 rr        >>  STA PTR + 1
00.00206Er 0  20 rr rr     >  jsr DISPLAY_PSTRING
00.002071r 0  A9 00        >  lda #0
00.002073r 0  85 rr        >  sta branch_test_actual
00.002075r 0  A9 00        >  lda #val1
00.002077r 0  C9 01        >  cmp #val2
00.002079r 0               >  macroopcode far_branch_target
00.002079r 0               >>  check_branch_distance target, JLT, BCC
00.002079r 0  B0 03        >>  BCS @skip
00.00207Br 0  4C rr rr     >>  JMP target
00.00207Er 0  A5 rr        >  lda branch_test_actual
00.002080r 0  D0 1E        >  bne actual_taken
00.002082r 0  A9 01        >  lda #expected_taken
00.002084r 0  F0 09        >  beq not_taken_ok
00.002086r 0               >  mark_branch_test_failed
00.002086r 0  A9 A3        >>  lda #TEST_FAIL_COLOR
00.002088r 0  85 rr        >>  sta CURRENT_COLOR
00.00208Ar 0  A9 01        >>  lda #1
00.00208Cr 0  8D rr rr     >>  sta fail_flag
00.00208Fr 0               >  load16 DISPLAY_PTR, test_branch_not_taken
00.00208Fr 0  A9 rr        >>  LDA #<IMM
00.002091r 0  85 rr        >>  STA PTR
00.002093r 0  A9 rr        >>  LDA #>IMM
00.002095r 0  85 rr        >>  STA PTR + 1
00.002097r 0  20 rr rr     >  jsr DISPLAY_PSTRING
00.00209Ar 0  20 rr rr     >  jsr DISPLAY_NEXT_LINE
00.00209Dr 0  4C rr rr     >  jmp test_done
00.0020A0r 0  A9 01        >  lda #expected_taken
00.0020A2r 0  D0 09        >  bne taken_ok
00.0020A4r 0               >  mark_branch_test_failed
00.0020A4r 0  A9 A3        >>  lda #TEST_FAIL_COLOR
00.0020A6r 0  85 rr        >>  sta CURRENT_COLOR
00.0020A8r 0  A9 01        >>  lda #1
00.0020AAr 0  8D rr rr     >>  sta fail_flag
00.0020ADr 0               >  load16 DISPLAY_PTR, test_branch_taken
00.0020ADr 0  A9 rr        >>  LDA #<IMM
00.0020AFr 0  85 rr        >>  STA PTR
00.0020B1r 0  A9 rr        >>  LDA #>IMM
00.0020B3r 0  85 rr        >>  STA PTR + 1
00.0020B5r 0  20 rr rr     >  jsr DISPLAY_PSTRING
00.0020B8r 0  20 rr rr     >  jsr DISPLAY_NEXT_LINE
00.0020BBr 0  AD rr rr     >  lda fail_flag
00.0020BEr 0  F0 03        >  beq exit2
00.0020C0r 0  4C rr rr     >  jmp freeze_it
00.0020C3r 0               > exit2:
00.0020C3r 2                   create_long_branch_test "JLT 1 < 0  ", jlt, $01, $00, BRANCH_NOT_TAKEN
00.0020C3r 0  4C rr rr     >  jmp test_start
00.0020C6r 0  A9 01        >  lda #1
00.0020C8r 0  85 rr        >  sta branch_test_actual
00.0020CAr 0  4C rr rr     >  jmp evaluate_result
00.0020CDr 0  EA           >>  nop
00.0020CEr 0  EA           >>  nop
00.0020CFr 0  EA           >>  nop
00.0020D0r 0  EA           >>  nop
00.0020D1r 0  EA           >>  nop
00.0020D2r 0  EA           >>  nop
00.0020D3r 0  EA           >>  nop
00.0020D4r 0  EA           >>  nop
00.0020D5r 0  EA           >>  nop
00.0020D6r 0  EA           >>  nop
00.0020D7r 0  EA           >>  nop
00.0020D8r 0  EA           >>  nop
00.0020D9r 0  EA           >>  nop
00.0020DAr 0  EA           >>  nop
00.0020DBr 0  EA           >>  nop
00.0020DCr 0  EA           >>  nop
00.0020DDr 0  EA           >>  nop
00.0020DEr 0  EA           >>  nop
00.0020DFr 0  EA           >>  nop
00.0020E0r 0  EA           >>  nop
00.0020E1r 0  EA           >>  nop
00.0020E2r 0  EA           >>  nop
00.0020E3r 0  EA           >>  nop
00.0020E4r 0  EA           >>  nop
00.0020E5r 0  EA           >>  nop
00.0020E6r 0  EA           >>  nop
00.0020E7r 0  EA           >>  nop
00.0020E8r 0  EA           >>  nop
00.0020E9r 0  EA           >>  nop
00.0020EAr 0  EA           >>  nop
00.0020EBr 0  EA           >>  nop
00.0020ECr 0  EA           >>  nop
00.0020EDr 0  EA           >>  nop
00.0020EEr 0  EA           >>  nop
00.0020EFr 0  EA           >>  nop
00.0020F0r 0  EA           >>  nop
00.0020F1r 0  EA           >>  nop
00.0020F2r 0  EA           >>  nop
00.0020F3r 0  EA           >>  nop
00.0020F4r 0  EA           >>  nop
00.0020F5r 0  EA           >>  nop
00.0020F6r 0  EA           >>  nop
00.0020F7r 0  EA           >>  nop
00.0020F8r 0  EA           >>  nop
00.0020F9r 0  EA           >>  nop
00.0020FAr 0  EA           >>  nop
00.0020FBr 0  EA           >>  nop
00.0020FCr 0  EA           >>  nop
00.0020FDr 0  EA           >>  nop
00.0020FEr 0  EA           >>  nop
00.0020FFr 0  EA           >>  nop
00.002100r 0  EA           >>  nop
00.002101r 0  EA           >>  nop
00.002102r 0  EA           >>  nop
00.002103r 0  EA           >>  nop
00.002104r 0  EA           >>  nop
00.002105r 0  EA           >>  nop
00.002106r 0  EA           >>  nop
00.002107r 0  EA           >>  nop
00.002108r 0  EA           >>  nop
00.002109r 0  EA           >>  nop
00.00210Ar 0  EA           >>  nop
00.00210Br 0  EA           >>  nop
00.00210Cr 0  EA           >>  nop
00.00210Dr 0  EA           >>  nop
00.00210Er 0  EA           >>  nop
00.00210Fr 0  EA           >>  nop
00.002110r 0  EA           >>  nop
00.002111r 0  EA           >>  nop
00.002112r 0  EA           >>  nop
00.002113r 0  EA           >>  nop
00.002114r 0  EA           >>  nop
00.002115r 0  EA           >>  nop
00.002116r 0  EA           >>  nop
00.002117r 0  EA           >>  nop
00.002118r 0  EA           >>  nop
00.002119r 0  EA           >>  nop
00.00211Ar 0  EA           >>  nop
00.00211Br 0  EA           >>  nop
00.00211Cr 0  EA           >>  nop
00.00211Dr 0  EA           >>  nop
00.00211Er 0  EA           >>  nop
00.00211Fr 0  EA           >>  nop
00.002120r 0  EA           >>  nop
00.002121r 0  EA           >>  nop
00.002122r 0  EA           >>  nop
00.002123r 0  EA           >>  nop
00.002124r 0  EA           >>  nop
00.002125r 0  EA           >>  nop
00.002126r 0  EA           >>  nop
00.002127r 0  EA           >>  nop
00.002128r 0  EA           >>  nop
00.002129r 0  EA           >>  nop
00.00212Ar 0  EA           >>  nop
00.00212Br 0  EA           >>  nop
00.00212Cr 0  EA           >>  nop
00.00212Dr 0  EA           >>  nop
00.00212Er 0  EA           >>  nop
00.00212Fr 0  EA           >>  nop
00.002130r 0  EA           >>  nop
00.002131r 0  EA           >>  nop
00.002132r 0  EA           >>  nop
00.002133r 0  EA           >>  nop
00.002134r 0  EA           >>  nop
00.002135r 0  EA           >>  nop
00.002136r 0  EA           >>  nop
00.002137r 0  EA           >>  nop
00.002138r 0  EA           >>  nop
00.002139r 0  EA           >>  nop
00.00213Ar 0  EA           >>  nop
00.00213Br 0  EA           >>  nop
00.00213Cr 0  EA           >>  nop
00.00213Dr 0  EA           >>  nop
00.00213Er 0  EA           >>  nop
00.00213Fr 0  EA           >>  nop
00.002140r 0  EA           >>  nop
00.002141r 0  EA           >>  nop
00.002142r 0  EA           >>  nop
00.002143r 0  EA           >>  nop
00.002144r 0  EA           >>  nop
00.002145r 0  EA           >>  nop
00.002146r 0  EA           >>  nop
00.002147r 0  EA           >>  nop
00.002148r 0  EA           >>  nop
00.002149r 0  EA           >>  nop
00.00214Ar 0  EA           >>  nop
00.00214Br 0  EA           >>  nop
00.00214Cr 0  EA           >>  nop
00.00214Dr 0  EA           >>  nop
00.00214Er 0  EA           >>  nop
00.00214Fr 0  EA           >>  nop
00.002150r 0  EA           >>  nop
00.002151r 0               >  pstring test_name
00.002151r 0  0B 4A 4C 54  >>  .BYTE .STRLEN(str), str
00.002155r 0  20 31 20 3C  
00.002159r 0  20 30 20 20  
00.00215Dr 0  A9 6F        >  lda #DEFAULT_COLOR
00.00215Fr 0  85 rr        >  sta CURRENT_COLOR
00.002161r 0               >  load16 DISPLAY_PTR, test_string
00.002161r 0  A9 rr        >>  LDA #<IMM
00.002163r 0  85 rr        >>  STA PTR
00.002165r 0  A9 rr        >>  LDA #>IMM
00.002167r 0  85 rr        >>  STA PTR + 1
00.002169r 0  20 rr rr     >  jsr DISPLAY_PSTRING
00.00216Cr 0  A9 00        >  lda #0
00.00216Er 0  85 rr        >  sta branch_test_actual
00.002170r 0  A9 01        >  lda #val1
00.002172r 0  C9 00        >  cmp #val2
00.002174r 0               >  macroopcode far_branch_target
00.002174r 0               >>  check_branch_distance target, JLT, BCC
00.002174r 0  B0 03        >>  BCS @skip
00.002176r 0  4C rr rr     >>  JMP target
00.002179r 0  A5 rr        >  lda branch_test_actual
00.00217Br 0  D0 1E        >  bne actual_taken
00.00217Dr 0  A9 00        >  lda #expected_taken
00.00217Fr 0  F0 09        >  beq not_taken_ok
00.002181r 0               >  mark_branch_test_failed
00.002181r 0  A9 A3        >>  lda #TEST_FAIL_COLOR
00.002183r 0  85 rr        >>  sta CURRENT_COLOR
00.002185r 0  A9 01        >>  lda #1
00.002187r 0  8D rr rr     >>  sta fail_flag
00.00218Ar 0               >  load16 DISPLAY_PTR, test_branch_not_taken
00.00218Ar 0  A9 rr        >>  LDA #<IMM
00.00218Cr 0  85 rr        >>  STA PTR
00.00218Er 0  A9 rr        >>  LDA #>IMM
00.002190r 0  85 rr        >>  STA PTR + 1
00.002192r 0  20 rr rr     >  jsr DISPLAY_PSTRING
00.002195r 0  20 rr rr     >  jsr DISPLAY_NEXT_LINE
00.002198r 0  4C rr rr     >  jmp test_done
00.00219Br 0  A9 00        >  lda #expected_taken
00.00219Dr 0  D0 09        >  bne taken_ok
00.00219Fr 0               >  mark_branch_test_failed
00.00219Fr 0  A9 A3        >>  lda #TEST_FAIL_COLOR
00.0021A1r 0  85 rr        >>  sta CURRENT_COLOR
00.0021A3r 0  A9 01        >>  lda #1
00.0021A5r 0  8D rr rr     >>  sta fail_flag
00.0021A8r 0               >  load16 DISPLAY_PTR, test_branch_taken
00.0021A8r 0  A9 rr        >>  LDA #<IMM
00.0021AAr 0  85 rr        >>  STA PTR
00.0021ACr 0  A9 rr        >>  LDA #>IMM
00.0021AEr 0  85 rr        >>  STA PTR + 1
00.0021B0r 0  20 rr rr     >  jsr DISPLAY_PSTRING
00.0021B3r 0  20 rr rr     >  jsr DISPLAY_NEXT_LINE
00.0021B6r 0  AD rr rr     >  lda fail_flag
00.0021B9r 0  F0 03        >  beq exit2
00.0021BBr 0  4C rr rr     >  jmp freeze_it
00.0021BEr 0               > exit2:
00.0021BEr 2               
00.0021BEr 2                   ; JGE, unsigned
00.0021BEr 2                   create_long_branch_test "JGE 1 >= 1 ", jge, $01, $01, BRANCH_TAKEN
00.0021BEr 0  4C rr rr     >  jmp test_start
00.0021C1r 0  A9 01        >  lda #1
00.0021C3r 0  85 rr        >  sta branch_test_actual
00.0021C5r 0  4C rr rr     >  jmp evaluate_result
00.0021C8r 0  EA           >>  nop
00.0021C9r 0  EA           >>  nop
00.0021CAr 0  EA           >>  nop
00.0021CBr 0  EA           >>  nop
00.0021CCr 0  EA           >>  nop
00.0021CDr 0  EA           >>  nop
00.0021CEr 0  EA           >>  nop
00.0021CFr 0  EA           >>  nop
00.0021D0r 0  EA           >>  nop
00.0021D1r 0  EA           >>  nop
00.0021D2r 0  EA           >>  nop
00.0021D3r 0  EA           >>  nop
00.0021D4r 0  EA           >>  nop
00.0021D5r 0  EA           >>  nop
00.0021D6r 0  EA           >>  nop
00.0021D7r 0  EA           >>  nop
00.0021D8r 0  EA           >>  nop
00.0021D9r 0  EA           >>  nop
00.0021DAr 0  EA           >>  nop
00.0021DBr 0  EA           >>  nop
00.0021DCr 0  EA           >>  nop
00.0021DDr 0  EA           >>  nop
00.0021DEr 0  EA           >>  nop
00.0021DFr 0  EA           >>  nop
00.0021E0r 0  EA           >>  nop
00.0021E1r 0  EA           >>  nop
00.0021E2r 0  EA           >>  nop
00.0021E3r 0  EA           >>  nop
00.0021E4r 0  EA           >>  nop
00.0021E5r 0  EA           >>  nop
00.0021E6r 0  EA           >>  nop
00.0021E7r 0  EA           >>  nop
00.0021E8r 0  EA           >>  nop
00.0021E9r 0  EA           >>  nop
00.0021EAr 0  EA           >>  nop
00.0021EBr 0  EA           >>  nop
00.0021ECr 0  EA           >>  nop
00.0021EDr 0  EA           >>  nop
00.0021EEr 0  EA           >>  nop
00.0021EFr 0  EA           >>  nop
00.0021F0r 0  EA           >>  nop
00.0021F1r 0  EA           >>  nop
00.0021F2r 0  EA           >>  nop
00.0021F3r 0  EA           >>  nop
00.0021F4r 0  EA           >>  nop
00.0021F5r 0  EA           >>  nop
00.0021F6r 0  EA           >>  nop
00.0021F7r 0  EA           >>  nop
00.0021F8r 0  EA           >>  nop
00.0021F9r 0  EA           >>  nop
00.0021FAr 0  EA           >>  nop
00.0021FBr 0  EA           >>  nop
00.0021FCr 0  EA           >>  nop
00.0021FDr 0  EA           >>  nop
00.0021FEr 0  EA           >>  nop
00.0021FFr 0  EA           >>  nop
00.002200r 0  EA           >>  nop
00.002201r 0  EA           >>  nop
00.002202r 0  EA           >>  nop
00.002203r 0  EA           >>  nop
00.002204r 0  EA           >>  nop
00.002205r 0  EA           >>  nop
00.002206r 0  EA           >>  nop
00.002207r 0  EA           >>  nop
00.002208r 0  EA           >>  nop
00.002209r 0  EA           >>  nop
00.00220Ar 0  EA           >>  nop
00.00220Br 0  EA           >>  nop
00.00220Cr 0  EA           >>  nop
00.00220Dr 0  EA           >>  nop
00.00220Er 0  EA           >>  nop
00.00220Fr 0  EA           >>  nop
00.002210r 0  EA           >>  nop
00.002211r 0  EA           >>  nop
00.002212r 0  EA           >>  nop
00.002213r 0  EA           >>  nop
00.002214r 0  EA           >>  nop
00.002215r 0  EA           >>  nop
00.002216r 0  EA           >>  nop
00.002217r 0  EA           >>  nop
00.002218r 0  EA           >>  nop
00.002219r 0  EA           >>  nop
00.00221Ar 0  EA           >>  nop
00.00221Br 0  EA           >>  nop
00.00221Cr 0  EA           >>  nop
00.00221Dr 0  EA           >>  nop
00.00221Er 0  EA           >>  nop
00.00221Fr 0  EA           >>  nop
00.002220r 0  EA           >>  nop
00.002221r 0  EA           >>  nop
00.002222r 0  EA           >>  nop
00.002223r 0  EA           >>  nop
00.002224r 0  EA           >>  nop
00.002225r 0  EA           >>  nop
00.002226r 0  EA           >>  nop
00.002227r 0  EA           >>  nop
00.002228r 0  EA           >>  nop
00.002229r 0  EA           >>  nop
00.00222Ar 0  EA           >>  nop
00.00222Br 0  EA           >>  nop
00.00222Cr 0  EA           >>  nop
00.00222Dr 0  EA           >>  nop
00.00222Er 0  EA           >>  nop
00.00222Fr 0  EA           >>  nop
00.002230r 0  EA           >>  nop
00.002231r 0  EA           >>  nop
00.002232r 0  EA           >>  nop
00.002233r 0  EA           >>  nop
00.002234r 0  EA           >>  nop
00.002235r 0  EA           >>  nop
00.002236r 0  EA           >>  nop
00.002237r 0  EA           >>  nop
00.002238r 0  EA           >>  nop
00.002239r 0  EA           >>  nop
00.00223Ar 0  EA           >>  nop
00.00223Br 0  EA           >>  nop
00.00223Cr 0  EA           >>  nop
00.00223Dr 0  EA           >>  nop
00.00223Er 0  EA           >>  nop
00.00223Fr 0  EA           >>  nop
00.002240r 0  EA           >>  nop
00.002241r 0  EA           >>  nop
00.002242r 0  EA           >>  nop
00.002243r 0  EA           >>  nop
00.002244r 0  EA           >>  nop
00.002245r 0  EA           >>  nop
00.002246r 0  EA           >>  nop
00.002247r 0  EA           >>  nop
00.002248r 0  EA           >>  nop
00.002249r 0  EA           >>  nop
00.00224Ar 0  EA           >>  nop
00.00224Br 0  EA           >>  nop
00.00224Cr 0               >  pstring test_name
00.00224Cr 0  0B 4A 47 45  >>  .BYTE .STRLEN(str), str
00.002250r 0  20 31 20 3E  
00.002254r 0  3D 20 31 20  
00.002258r 0  A9 6F        >  lda #DEFAULT_COLOR
00.00225Ar 0  85 rr        >  sta CURRENT_COLOR
00.00225Cr 0               >  load16 DISPLAY_PTR, test_string
00.00225Cr 0  A9 rr        >>  LDA #<IMM
00.00225Er 0  85 rr        >>  STA PTR
00.002260r 0  A9 rr        >>  LDA #>IMM
00.002262r 0  85 rr        >>  STA PTR + 1
00.002264r 0  20 rr rr     >  jsr DISPLAY_PSTRING
00.002267r 0  A9 00        >  lda #0
00.002269r 0  85 rr        >  sta branch_test_actual
00.00226Br 0  A9 01        >  lda #val1
00.00226Dr 0  C9 01        >  cmp #val2
00.00226Fr 0               >  macroopcode far_branch_target
00.00226Fr 0               >>  check_branch_distance target, JGE, BCS
00.00226Fr 0  90 03        >>  BCC @skip
00.002271r 0  4C rr rr     >>  JMP target
00.002274r 0  A5 rr        >  lda branch_test_actual
00.002276r 0  D0 1E        >  bne actual_taken
00.002278r 0  A9 01        >  lda #expected_taken
00.00227Ar 0  F0 09        >  beq not_taken_ok
00.00227Cr 0               >  mark_branch_test_failed
00.00227Cr 0  A9 A3        >>  lda #TEST_FAIL_COLOR
00.00227Er 0  85 rr        >>  sta CURRENT_COLOR
00.002280r 0  A9 01        >>  lda #1
00.002282r 0  8D rr rr     >>  sta fail_flag
00.002285r 0               >  load16 DISPLAY_PTR, test_branch_not_taken
00.002285r 0  A9 rr        >>  LDA #<IMM
00.002287r 0  85 rr        >>  STA PTR
00.002289r 0  A9 rr        >>  LDA #>IMM
00.00228Br 0  85 rr        >>  STA PTR + 1
00.00228Dr 0  20 rr rr     >  jsr DISPLAY_PSTRING
00.002290r 0  20 rr rr     >  jsr DISPLAY_NEXT_LINE
00.002293r 0  4C rr rr     >  jmp test_done
00.002296r 0  A9 01        >  lda #expected_taken
00.002298r 0  D0 09        >  bne taken_ok
00.00229Ar 0               >  mark_branch_test_failed
00.00229Ar 0  A9 A3        >>  lda #TEST_FAIL_COLOR
00.00229Cr 0  85 rr        >>  sta CURRENT_COLOR
00.00229Er 0  A9 01        >>  lda #1
00.0022A0r 0  8D rr rr     >>  sta fail_flag
00.0022A3r 0               >  load16 DISPLAY_PTR, test_branch_taken
00.0022A3r 0  A9 rr        >>  LDA #<IMM
00.0022A5r 0  85 rr        >>  STA PTR
00.0022A7r 0  A9 rr        >>  LDA #>IMM
00.0022A9r 0  85 rr        >>  STA PTR + 1
00.0022ABr 0  20 rr rr     >  jsr DISPLAY_PSTRING
00.0022AEr 0  20 rr rr     >  jsr DISPLAY_NEXT_LINE
00.0022B1r 0  AD rr rr     >  lda fail_flag
00.0022B4r 0  F0 03        >  beq exit2
00.0022B6r 0  4C rr rr     >  jmp freeze_it
00.0022B9r 0               > exit2:
00.0022B9r 2                   create_long_branch_test "JGE 0 >= 1 ", jge, $00, $01, BRANCH_NOT_TAKEN
00.0022B9r 0  4C rr rr     >  jmp test_start
00.0022BCr 0  A9 01        >  lda #1
00.0022BEr 0  85 rr        >  sta branch_test_actual
00.0022C0r 0  4C rr rr     >  jmp evaluate_result
00.0022C3r 0  EA           >>  nop
00.0022C4r 0  EA           >>  nop
00.0022C5r 0  EA           >>  nop
00.0022C6r 0  EA           >>  nop
00.0022C7r 0  EA           >>  nop
00.0022C8r 0  EA           >>  nop
00.0022C9r 0  EA           >>  nop
00.0022CAr 0  EA           >>  nop
00.0022CBr 0  EA           >>  nop
00.0022CCr 0  EA           >>  nop
00.0022CDr 0  EA           >>  nop
00.0022CEr 0  EA           >>  nop
00.0022CFr 0  EA           >>  nop
00.0022D0r 0  EA           >>  nop
00.0022D1r 0  EA           >>  nop
00.0022D2r 0  EA           >>  nop
00.0022D3r 0  EA           >>  nop
00.0022D4r 0  EA           >>  nop
00.0022D5r 0  EA           >>  nop
00.0022D6r 0  EA           >>  nop
00.0022D7r 0  EA           >>  nop
00.0022D8r 0  EA           >>  nop
00.0022D9r 0  EA           >>  nop
00.0022DAr 0  EA           >>  nop
00.0022DBr 0  EA           >>  nop
00.0022DCr 0  EA           >>  nop
00.0022DDr 0  EA           >>  nop
00.0022DEr 0  EA           >>  nop
00.0022DFr 0  EA           >>  nop
00.0022E0r 0  EA           >>  nop
00.0022E1r 0  EA           >>  nop
00.0022E2r 0  EA           >>  nop
00.0022E3r 0  EA           >>  nop
00.0022E4r 0  EA           >>  nop
00.0022E5r 0  EA           >>  nop
00.0022E6r 0  EA           >>  nop
00.0022E7r 0  EA           >>  nop
00.0022E8r 0  EA           >>  nop
00.0022E9r 0  EA           >>  nop
00.0022EAr 0  EA           >>  nop
00.0022EBr 0  EA           >>  nop
00.0022ECr 0  EA           >>  nop
00.0022EDr 0  EA           >>  nop
00.0022EEr 0  EA           >>  nop
00.0022EFr 0  EA           >>  nop
00.0022F0r 0  EA           >>  nop
00.0022F1r 0  EA           >>  nop
00.0022F2r 0  EA           >>  nop
00.0022F3r 0  EA           >>  nop
00.0022F4r 0  EA           >>  nop
00.0022F5r 0  EA           >>  nop
00.0022F6r 0  EA           >>  nop
00.0022F7r 0  EA           >>  nop
00.0022F8r 0  EA           >>  nop
00.0022F9r 0  EA           >>  nop
00.0022FAr 0  EA           >>  nop
00.0022FBr 0  EA           >>  nop
00.0022FCr 0  EA           >>  nop
00.0022FDr 0  EA           >>  nop
00.0022FEr 0  EA           >>  nop
00.0022FFr 0  EA           >>  nop
00.002300r 0  EA           >>  nop
00.002301r 0  EA           >>  nop
00.002302r 0  EA           >>  nop
00.002303r 0  EA           >>  nop
00.002304r 0  EA           >>  nop
00.002305r 0  EA           >>  nop
00.002306r 0  EA           >>  nop
00.002307r 0  EA           >>  nop
00.002308r 0  EA           >>  nop
00.002309r 0  EA           >>  nop
00.00230Ar 0  EA           >>  nop
00.00230Br 0  EA           >>  nop
00.00230Cr 0  EA           >>  nop
00.00230Dr 0  EA           >>  nop
00.00230Er 0  EA           >>  nop
00.00230Fr 0  EA           >>  nop
00.002310r 0  EA           >>  nop
00.002311r 0  EA           >>  nop
00.002312r 0  EA           >>  nop
00.002313r 0  EA           >>  nop
00.002314r 0  EA           >>  nop
00.002315r 0  EA           >>  nop
00.002316r 0  EA           >>  nop
00.002317r 0  EA           >>  nop
00.002318r 0  EA           >>  nop
00.002319r 0  EA           >>  nop
00.00231Ar 0  EA           >>  nop
00.00231Br 0  EA           >>  nop
00.00231Cr 0  EA           >>  nop
00.00231Dr 0  EA           >>  nop
00.00231Er 0  EA           >>  nop
00.00231Fr 0  EA           >>  nop
00.002320r 0  EA           >>  nop
00.002321r 0  EA           >>  nop
00.002322r 0  EA           >>  nop
00.002323r 0  EA           >>  nop
00.002324r 0  EA           >>  nop
00.002325r 0  EA           >>  nop
00.002326r 0  EA           >>  nop
00.002327r 0  EA           >>  nop
00.002328r 0  EA           >>  nop
00.002329r 0  EA           >>  nop
00.00232Ar 0  EA           >>  nop
00.00232Br 0  EA           >>  nop
00.00232Cr 0  EA           >>  nop
00.00232Dr 0  EA           >>  nop
00.00232Er 0  EA           >>  nop
00.00232Fr 0  EA           >>  nop
00.002330r 0  EA           >>  nop
00.002331r 0  EA           >>  nop
00.002332r 0  EA           >>  nop
00.002333r 0  EA           >>  nop
00.002334r 0  EA           >>  nop
00.002335r 0  EA           >>  nop
00.002336r 0  EA           >>  nop
00.002337r 0  EA           >>  nop
00.002338r 0  EA           >>  nop
00.002339r 0  EA           >>  nop
00.00233Ar 0  EA           >>  nop
00.00233Br 0  EA           >>  nop
00.00233Cr 0  EA           >>  nop
00.00233Dr 0  EA           >>  nop
00.00233Er 0  EA           >>  nop
00.00233Fr 0  EA           >>  nop
00.002340r 0  EA           >>  nop
00.002341r 0  EA           >>  nop
00.002342r 0  EA           >>  nop
00.002343r 0  EA           >>  nop
00.002344r 0  EA           >>  nop
00.002345r 0  EA           >>  nop
00.002346r 0  EA           >>  nop
00.002347r 0               >  pstring test_name
00.002347r 0  0B 4A 47 45  >>  .BYTE .STRLEN(str), str
00.00234Br 0  20 30 20 3E  
00.00234Fr 0  3D 20 31 20  
00.002353r 0  A9 6F        >  lda #DEFAULT_COLOR
00.002355r 0  85 rr        >  sta CURRENT_COLOR
00.002357r 0               >  load16 DISPLAY_PTR, test_string
00.002357r 0  A9 rr        >>  LDA #<IMM
00.002359r 0  85 rr        >>  STA PTR
00.00235Br 0  A9 rr        >>  LDA #>IMM
00.00235Dr 0  85 rr        >>  STA PTR + 1
00.00235Fr 0  20 rr rr     >  jsr DISPLAY_PSTRING
00.002362r 0  A9 00        >  lda #0
00.002364r 0  85 rr        >  sta branch_test_actual
00.002366r 0  A9 00        >  lda #val1
00.002368r 0  C9 01        >  cmp #val2
00.00236Ar 0               >  macroopcode far_branch_target
00.00236Ar 0               >>  check_branch_distance target, JGE, BCS
00.00236Ar 0  90 03        >>  BCC @skip
00.00236Cr 0  4C rr rr     >>  JMP target
00.00236Fr 0  A5 rr        >  lda branch_test_actual
00.002371r 0  D0 1E        >  bne actual_taken
00.002373r 0  A9 00        >  lda #expected_taken
00.002375r 0  F0 09        >  beq not_taken_ok
00.002377r 0               >  mark_branch_test_failed
00.002377r 0  A9 A3        >>  lda #TEST_FAIL_COLOR
00.002379r 0  85 rr        >>  sta CURRENT_COLOR
00.00237Br 0  A9 01        >>  lda #1
00.00237Dr 0  8D rr rr     >>  sta fail_flag
00.002380r 0               >  load16 DISPLAY_PTR, test_branch_not_taken
00.002380r 0  A9 rr        >>  LDA #<IMM
00.002382r 0  85 rr        >>  STA PTR
00.002384r 0  A9 rr        >>  LDA #>IMM
00.002386r 0  85 rr        >>  STA PTR + 1
00.002388r 0  20 rr rr     >  jsr DISPLAY_PSTRING
00.00238Br 0  20 rr rr     >  jsr DISPLAY_NEXT_LINE
00.00238Er 0  4C rr rr     >  jmp test_done
00.002391r 0  A9 00        >  lda #expected_taken
00.002393r 0  D0 09        >  bne taken_ok
00.002395r 0               >  mark_branch_test_failed
00.002395r 0  A9 A3        >>  lda #TEST_FAIL_COLOR
00.002397r 0  85 rr        >>  sta CURRENT_COLOR
00.002399r 0  A9 01        >>  lda #1
00.00239Br 0  8D rr rr     >>  sta fail_flag
00.00239Er 0               >  load16 DISPLAY_PTR, test_branch_taken
00.00239Er 0  A9 rr        >>  LDA #<IMM
00.0023A0r 0  85 rr        >>  STA PTR
00.0023A2r 0  A9 rr        >>  LDA #>IMM
00.0023A4r 0  85 rr        >>  STA PTR + 1
00.0023A6r 0  20 rr rr     >  jsr DISPLAY_PSTRING
00.0023A9r 0  20 rr rr     >  jsr DISPLAY_NEXT_LINE
00.0023ACr 0  AD rr rr     >  lda fail_flag
00.0023AFr 0  F0 03        >  beq exit2
00.0023B1r 0  4C rr rr     >  jmp freeze_it
00.0023B4r 0               > exit2:
00.0023B4r 2               
00.0023B4r 2               
00.0023B4r 2                   ; Return with:
00.0023B4r 2                   ;   fail_flag = 0 if every test passed
00.0023B4r 2                   ;   fail_flag = 1 if one or more tests failed
00.0023B4r 2  60               rts
00.0023B5r 2               .endproc
00.0023B5r 2               
00.0023B5r 2               .proc freeze_it
00.0023B5r 2  4C rr rr     freeze: jmp freeze
00.0023B8r 2               .endproc
00.0023B8r 2               
00.0023B8r 2               .segment "ZEROPAGE"
04.000011r 2  xx           fail_flag: .res 1
04.000012r 2               .segment "CODE"
00.0023B8r 2               
00.0023B8r 1               
00.0023B8r 1               
00.0023B8r 1               ; Translation table: print_code -> screen_code
00.0023B8r 1               ; Generated from 256 font characters
00.0023B8r 1               ;
00.0023B8r 1               p2slookup:
00.0023B8r 1  A2 5E EC 0E  .byte $A2, $5E, $EC, $0E, $91, $48, $EA, $AC, $0A, $28, $20, $56, $F5, $81, $B9, $8D
00.0023BCr 1  91 48 EA AC  
00.0023C0r 1  0A 28 20 56  
00.0023C4r 1  F5 81 B9 8D  
00.0023C8r 1  33 9A C2 89  .byte $33, $9A, $C2, $89, $A3, $A5, $F8, $AA, $6B, $05, $37, $AF, $7C, $9B, $27, $77
00.0023CCr 1  A3 A5 F8 AA  
00.0023D0r 1  6B 05 37 AF  
00.0023D4r 1  7C 9B 27 77  
00.0023D8r 1  B5 0F 6E 41  .byte $B5, $0F, $6E, $41, $73, $4C, $57, $A0, $19, $62, $1D, $C9, $54, $7A, $42, $22
00.0023DCr 1  73 4C 57 A0  
00.0023E0r 1  19 62 1D C9  
00.0023E4r 1  54 7A 42 22  
00.0023E8r 1  BF 49 B2 BD  .byte $BF, $49, $B2, $BD, $F9, $F4, $84, $FB, $C5, $A1, $26, $C3, $EF, $5B, $94, $4D
00.0023ECr 1  F9 F4 84 FB  
00.0023F0r 1  C5 A1 26 C3  
00.0023F4r 1  EF 5B 94 4D  
00.0023F8r 1  4F 7E DC 06  .byte $4F, $7E, $DC, $06, $23, $66, $39, $D7, $DF, $6A, $71, $8B, $6F, $9D, $60, $58
00.0023FCr 1  23 66 39 D7  
00.002400r 1  DF 6A 71 8B  
00.002404r 1  6F 9D 60 58  
00.002408r 1  51 88 2B CF  .byte $51, $88, $2B, $CF, $85, $17, $B4, $0C, $79, $F1, $4B, $D1, $0B, $DE, $F3, $18
00.00240Cr 1  85 17 B4 0C  
00.002410r 1  79 F1 4B D1  
00.002414r 1  0B DE F3 18  
00.002418r 1  97 5C 16 63  .byte $97, $5C, $16, $63, $1E, $01, $50, $F7, $B0, $3F, $1A, $5D, $B3, $69, $95, $C0
00.00241Cr 1  1E 01 50 F7  
00.002420r 1  B0 3F 1A 5D  
00.002424r 1  B3 69 95 C0  
00.002428r 1  A8 B6 24 65  .byte $A8, $B6, $24, $65, $F6, $1C, $52, $E3, $59, $D2, $6D, $44, $A6, $70, $75, $9C
00.00242Cr 1  F6 1C 52 E3  
00.002430r 1  59 D2 6D 44  
00.002434r 1  A6 70 75 9C  
00.002438r 1  3D DD 74 31  .byte $3D, $DD, $74, $31, $8E, $7D, $BA, $86, $40, $E2, $61, $DB, $43, $00, $A9, $08
00.00243Cr 1  8E 7D BA 86  
00.002440r 1  40 E2 61 DB  
00.002444r 1  43 00 A9 08  
00.002448r 1  25 8F ED A7  .byte $25, $8F, $ED, $A7, $E1, $93, $12, $D5, $7F, $E4, $09, $CB, $9F, $07, $D6, $3A
00.00244Cr 1  E1 93 12 D5  
00.002450r 1  7F E4 09 CB  
00.002454r 1  9F 07 D6 3A  
00.002458r 1  45 2C 03 2E  .byte $45, $2C, $03, $2E, $83, $C7, $AD, $FF, $E6, $BE, $C8, $FE, $9E, $C1, $35, $46
00.00245Cr 1  83 C7 AD FF  
00.002460r 1  E6 BE C8 FE  
00.002464r 1  9E C1 35 46  
00.002468r 1  EE 4A 7B 2A  .byte $EE, $4A, $7B, $2A, $38, $CC, $1B, $CA, $5A, $8A, $67, $E7, $80, $B7, $76, $90
00.00246Cr 1  38 CC 1B CA  
00.002470r 1  5A 8A 67 E7  
00.002474r 1  80 B7 76 90  
00.002478r 1  CD CE 5F 32  .byte $CD, $CE, $5F, $32, $D8, $34, $78, $11, $C6, $D9, $2F, $D4, $99, $DA, $E8, $82
00.00247Cr 1  D8 34 78 11  
00.002480r 1  C6 D9 2F D4  
00.002484r 1  99 DA E8 82  
00.002488r 1  D3 02 29 3E  .byte $D3, $02, $29, $3E, $BB, $13, $21, $E5, $0D, $1F, $55, $E0, $D0, $F2, $F0, $FC
00.00248Cr 1  BB 13 21 E5  
00.002490r 1  0D 1F 55 E0  
00.002494r 1  D0 F2 F0 FC  
00.002498r 1  04 47 36 3C  .byte $04, $47, $36, $3C, $72, $64, $E9, $15, $FA, $2D, $68, $92, $B1, $C4, $10, $BC
00.00249Cr 1  72 64 E9 15  
00.0024A0r 1  FA 2D 68 92  
00.0024A4r 1  B1 C4 10 BC  
00.0024A8r 1  AE 6C 53 A4  .byte $AE, $6C, $53, $A4, $AB, $FD, $B8, $14, $30, $96, $87, $98, $8C, $4E, $EB, $3B
00.0024ACr 1  AB FD B8 14  
00.0024B0r 1  30 96 87 98  
00.0024B4r 1  8C 4E EB 3B  
00.0024B8r 1               
00.0024B8r 1               
00.0024B8r 1               ; ============================================================================
00.0024B8r 1               ; Interrupt Handlers
00.0024B8r 1               ; ============================================================================
00.0024B8r 1               _nmi_handler:
00.0024B8r 1  40               RTI
00.0024B9r 1               
00.0024B9r 1               _irq_handler:
00.0024B9r 1  40               RTI
00.0024BAr 1               
00.0024BAr 1                   ; Fixed entry points just before the vector table.
00.0024BAr 1                   ; These addresses are anchored by the JUMPTABLE segment in bios.cfg.
00.0024BAr 1                   .segment "JUMPTABLE"
06.000000r 1                   .export JTCLS
06.000000r 1                   .export JTDUMMY
06.000000r 1               
06.000000r 1               JTDUMMY:
06.000000r 1  4C rr rr         JMP DUMMY_ROUTINE
06.000003r 1               
06.000003r 1                   .segment "JUMPTABLE"
06.000003r 1  4C rr rr     JTCLS: JMP CLEAR_SCREEN
06.000003r 1               

Segment summary

Segment: 00 = CODE
Segment: 04 = ZEROPAGE
Segment: 06 = JUMPTABLE
